config_id,pop_size,pc,pm,selection,run,best_fitness,best_profit,best_weight,generations
pop50_pc0.6_pm0.01_tournament_k3,50,0.6,0.01,tournament_k3,1,15527.0,15527,14226,282
pop50_pc0.6_pm0.01_tournament_k3,50,0.6,0.01,tournament_k3,2,15519.0,15519,14236,153
pop50_pc0.6_pm0.01_tournament_k3,50,0.6,0.01,tournament_k3,3,15152.0,15152,14233,65
pop50_pc0.6_pm0.01_tournament_k3,50,0.6,0.01,tournament_k3,4,15591.0,15591,14175,249
pop50_pc0.6_pm0.01_tournament_k3,50,0.6,0.01,tournament_k3,5,14983.0,14983,14234,56
pop50_pc0.6_pm0.01_tournament_k3,50,0.6,0.01,tournament_k3,6,15517.0,15517,14224,177
pop50_pc0.6_pm0.01_tournament_k3,50,0.6,0.01,tournament_k3,7,15324.0,15324,14230,169
pop50_pc0.6_pm0.01_tournament_k3,50,0.6,0.01,tournament_k3,8,15203.0,15203,14231,128
pop50_pc0.6_pm0.01_tournament_k3,50,0.6,0.01,tournament_k3,9,15329.0,15329,14151,113
pop50_pc0.6_pm0.01_tournament_k3,50,0.6,0.01,tournament_k3,10,15162.0,15162,14233,98
pop50_pc0.6_pm0.01_tournament_k3,50,0.6,0.01,tournament_k3,11,15445.0,15445,14203,257
pop50_pc0.6_pm0.01_tournament_k3,50,0.6,0.01,tournament_k3,12,15662.0,15662,14212,214
pop50_pc0.6_pm0.01_tournament_k3,50,0.6,0.01,tournament_k3,13,15261.0,15261,14236,172
pop50_pc0.6_pm0.01_tournament_k3,50,0.6,0.01,tournament_k3,14,15607.0,15607,14224,341
pop50_pc0.6_pm0.01_tournament_k3,50,0.6,0.01,tournament_k3,15,15262.0,15262,14237,132
pop50_pc0.6_pm0.01_tournament_k3,50,0.6,0.01,tournament_k3,16,15338.0,15338,14211,140
pop50_pc0.6_pm0.01_tournament_k3,50,0.6,0.01,tournament_k3,17,15409.0,15409,14211,155
pop50_pc0.6_pm0.01_tournament_k3,50,0.6,0.01,tournament_k3,18,15490.0,15490,14229,150
pop50_pc0.6_pm0.01_tournament_k3,50,0.6,0.01,tournament_k3,19,15510.0,15510,14209,233
pop50_pc0.6_pm0.01_tournament_k3,50,0.6,0.01,tournament_k3,20,15469.0,15469,14228,57
pop50_pc0.6_pm0.01_tournament_k3,50,0.6,0.01,tournament_k3,21,15466.0,15466,14238,176
pop50_pc0.6_pm0.01_tournament_k3,50,0.6,0.01,tournament_k3,22,15138.0,15138,14237,77
pop50_pc0.6_pm0.01_tournament_k3,50,0.6,0.01,tournament_k3,23,15398.0,15398,14239,107
pop50_pc0.6_pm0.01_tournament_k3,50,0.6,0.01,tournament_k3,24,15338.0,15338,14225,188
pop50_pc0.6_pm0.01_tournament_k3,50,0.6,0.01,tournament_k3,25,15457.0,15457,14199,113
pop50_pc0.6_pm0.01_tournament_k3,50,0.6,0.01,tournament_k3,26,15076.0,15076,14238,58
pop50_pc0.6_pm0.01_tournament_k3,50,0.6,0.01,tournament_k3,27,15488.0,15488,14188,135
pop50_pc0.6_pm0.01_tournament_k3,50,0.6,0.01,tournament_k3,28,15606.0,15606,14207,222
pop50_pc0.6_pm0.01_tournament_k3,50,0.6,0.01,tournament_k3,29,15394.0,15394,14206,164
pop50_pc0.6_pm0.01_tournament_k3,50,0.6,0.01,tournament_k3,30,15468.0,15468,14204,172
pop50_pc0.6_pm0.03_tournament_k3,50,0.6,0.03,tournament_k3,1,15565.0,15565,14212,199
pop50_pc0.6_pm0.03_tournament_k3,50,0.6,0.03,tournament_k3,2,15728.0,15728,14231,180
pop50_pc0.6_pm0.03_tournament_k3,50,0.6,0.03,tournament_k3,3,15483.0,15483,14198,139
pop50_pc0.6_pm0.03_tournament_k3,50,0.6,0.03,tournament_k3,4,15658.0,15658,14212,154
pop50_pc0.6_pm0.03_tournament_k3,50,0.6,0.03,tournament_k3,5,15590.0,15590,14238,150
pop50_pc0.6_pm0.03_tournament_k3,50,0.6,0.03,tournament_k3,6,15569.0,15569,14235,191
pop50_pc0.6_pm0.03_tournament_k3,50,0.6,0.03,tournament_k3,7,15487.0,15487,14230,102
pop50_pc0.6_pm0.03_tournament_k3,50,0.6,0.03,tournament_k3,8,15561.0,15561,14238,168
pop50_pc0.6_pm0.03_tournament_k3,50,0.6,0.03,tournament_k3,9,15458.0,15458,14239,135
pop50_pc0.6_pm0.03_tournament_k3,50,0.6,0.03,tournament_k3,10,15506.0,15506,14238,141
pop50_pc0.6_pm0.03_tournament_k3,50,0.6,0.03,tournament_k3,11,15608.0,15608,14228,189
pop50_pc0.6_pm0.03_tournament_k3,50,0.6,0.03,tournament_k3,12,15602.0,15602,14236,135
pop50_pc0.6_pm0.03_tournament_k3,50,0.6,0.03,tournament_k3,13,15544.0,15544,14226,207
pop50_pc0.6_pm0.03_tournament_k3,50,0.6,0.03,tournament_k3,14,15514.0,15514,14195,180
pop50_pc0.6_pm0.03_tournament_k3,50,0.6,0.03,tournament_k3,15,15501.0,15501,14239,192
pop50_pc0.6_pm0.03_tournament_k3,50,0.6,0.03,tournament_k3,16,15504.0,15504,14236,212
pop50_pc0.6_pm0.03_tournament_k3,50,0.6,0.03,tournament_k3,17,15594.0,15594,14235,178
pop50_pc0.6_pm0.03_tournament_k3,50,0.6,0.03,tournament_k3,18,15656.0,15656,14230,121
pop50_pc0.6_pm0.03_tournament_k3,50,0.6,0.03,tournament_k3,19,15676.0,15676,14227,332
pop50_pc0.6_pm0.03_tournament_k3,50,0.6,0.03,tournament_k3,20,15541.0,15541,14184,155
pop50_pc0.6_pm0.03_tournament_k3,50,0.6,0.03,tournament_k3,21,15632.0,15632,14214,180
pop50_pc0.6_pm0.03_tournament_k3,50,0.6,0.03,tournament_k3,22,15626.0,15626,14237,120
pop50_pc0.6_pm0.03_tournament_k3,50,0.6,0.03,tournament_k3,23,15530.0,15530,14236,124
pop50_pc0.6_pm0.03_tournament_k3,50,0.6,0.03,tournament_k3,24,15413.0,15413,14222,118
pop50_pc0.6_pm0.03_tournament_k3,50,0.6,0.03,tournament_k3,25,15657.0,15657,14225,125
pop50_pc0.6_pm0.03_tournament_k3,50,0.6,0.03,tournament_k3,26,15396.0,15396,14224,95
pop50_pc0.6_pm0.03_tournament_k3,50,0.6,0.03,tournament_k3,27,15477.0,15477,14202,101
pop50_pc0.6_pm0.03_tournament_k3,50,0.6,0.03,tournament_k3,28,15434.0,15434,14204,81
pop50_pc0.6_pm0.03_tournament_k3,50,0.6,0.03,tournament_k3,29,15456.0,15456,14238,92
pop50_pc0.6_pm0.03_tournament_k3,50,0.6,0.03,tournament_k3,30,15563.0,15563,14198,130
pop50_pc0.6_pm0.05_tournament_k3,50,0.6,0.05,tournament_k3,1,15469.0,15469,14196,136
pop50_pc0.6_pm0.05_tournament_k3,50,0.6,0.05,tournament_k3,2,15560.0,15560,14211,247
pop50_pc0.6_pm0.05_tournament_k3,50,0.6,0.05,tournament_k3,3,15479.0,15479,14237,156
pop50_pc0.6_pm0.05_tournament_k3,50,0.6,0.05,tournament_k3,4,15572.0,15572,14236,111
pop50_pc0.6_pm0.05_tournament_k3,50,0.6,0.05,tournament_k3,5,15512.0,15512,14227,176
pop50_pc0.6_pm0.05_tournament_k3,50,0.6,0.05,tournament_k3,6,15682.0,15682,14222,313
pop50_pc0.6_pm0.05_tournament_k3,50,0.6,0.05,tournament_k3,7,15408.0,15408,14220,101
pop50_pc0.6_pm0.05_tournament_k3,50,0.6,0.05,tournament_k3,8,15381.0,15381,14219,154
pop50_pc0.6_pm0.05_tournament_k3,50,0.6,0.05,tournament_k3,9,15584.0,15584,14223,260
pop50_pc0.6_pm0.05_tournament_k3,50,0.6,0.05,tournament_k3,10,15420.0,15420,14234,234
pop50_pc0.6_pm0.05_tournament_k3,50,0.6,0.05,tournament_k3,11,15400.0,15400,14234,149
pop50_pc0.6_pm0.05_tournament_k3,50,0.6,0.05,tournament_k3,12,15384.0,15384,14164,118
pop50_pc0.6_pm0.05_tournament_k3,50,0.6,0.05,tournament_k3,13,15406.0,15406,14204,97
pop50_pc0.6_pm0.05_tournament_k3,50,0.6,0.05,tournament_k3,14,15460.0,15460,14156,229
pop50_pc0.6_pm0.05_tournament_k3,50,0.6,0.05,tournament_k3,15,15488.0,15488,14187,206
pop50_pc0.6_pm0.05_tournament_k3,50,0.6,0.05,tournament_k3,16,15384.0,15384,14237,103
pop50_pc0.6_pm0.05_tournament_k3,50,0.6,0.05,tournament_k3,17,15542.0,15542,14223,135
pop50_pc0.6_pm0.05_tournament_k3,50,0.6,0.05,tournament_k3,18,15448.0,15448,14217,123
pop50_pc0.6_pm0.05_tournament_k3,50,0.6,0.05,tournament_k3,19,15516.0,15516,14191,143
pop50_pc0.6_pm0.05_tournament_k3,50,0.6,0.05,tournament_k3,20,15229.0,15229,14223,54
pop50_pc0.6_pm0.05_tournament_k3,50,0.6,0.05,tournament_k3,21,15431.0,15431,14233,179
pop50_pc0.6_pm0.05_tournament_k3,50,0.6,0.05,tournament_k3,22,15462.0,15462,14224,99
pop50_pc0.6_pm0.05_tournament_k3,50,0.6,0.05,tournament_k3,23,15505.0,15505,14214,178
pop50_pc0.6_pm0.05_tournament_k3,50,0.6,0.05,tournament_k3,24,15271.0,15271,14235,101
pop50_pc0.6_pm0.05_tournament_k3,50,0.6,0.05,tournament_k3,25,15579.0,15579,14237,141
pop50_pc0.6_pm0.05_tournament_k3,50,0.6,0.05,tournament_k3,26,15474.0,15474,14216,117
pop50_pc0.6_pm0.05_tournament_k3,50,0.6,0.05,tournament_k3,27,15394.0,15394,14161,92
pop50_pc0.6_pm0.05_tournament_k3,50,0.6,0.05,tournament_k3,28,15536.0,15536,14224,81
pop50_pc0.6_pm0.05_tournament_k3,50,0.6,0.05,tournament_k3,29,15492.0,15492,14215,97
pop50_pc0.6_pm0.05_tournament_k3,50,0.6,0.05,tournament_k3,30,15567.0,15567,14217,239
pop50_pc0.8_pm0.01_tournament_k3,50,0.8,0.01,tournament_k3,1,15504.0,15504,14233,213
pop50_pc0.8_pm0.01_tournament_k3,50,0.8,0.01,tournament_k3,2,15458.0,15458,14222,63
pop50_pc0.8_pm0.01_tournament_k3,50,0.8,0.01,tournament_k3,3,15246.0,15246,14230,111
pop50_pc0.8_pm0.01_tournament_k3,50,0.8,0.01,tournament_k3,4,15462.0,15462,14235,122
pop50_pc0.8_pm0.01_tournament_k3,50,0.8,0.01,tournament_k3,5,15460.0,15460,14239,210
pop50_pc0.8_pm0.01_tournament_k3,50,0.8,0.01,tournament_k3,6,15429.0,15429,14239,126
pop50_pc0.8_pm0.01_tournament_k3,50,0.8,0.01,tournament_k3,7,15502.0,15502,14233,215
pop50_pc0.8_pm0.01_tournament_k3,50,0.8,0.01,tournament_k3,8,15552.0,15552,14233,140
pop50_pc0.8_pm0.01_tournament_k3,50,0.8,0.01,tournament_k3,9,15471.0,15471,14234,109
pop50_pc0.8_pm0.01_tournament_k3,50,0.8,0.01,tournament_k3,10,15436.0,15436,14196,167
pop50_pc0.8_pm0.01_tournament_k3,50,0.8,0.01,tournament_k3,11,15369.0,15369,14224,175
pop50_pc0.8_pm0.01_tournament_k3,50,0.8,0.01,tournament_k3,12,15236.0,15236,14216,110
pop50_pc0.8_pm0.01_tournament_k3,50,0.8,0.01,tournament_k3,13,15611.0,15611,14227,109
pop50_pc0.8_pm0.01_tournament_k3,50,0.8,0.01,tournament_k3,14,15298.0,15298,14201,101
pop50_pc0.8_pm0.01_tournament_k3,50,0.8,0.01,tournament_k3,15,15363.0,15363,14239,73
pop50_pc0.8_pm0.01_tournament_k3,50,0.8,0.01,tournament_k3,16,15492.0,15492,14233,148
pop50_pc0.8_pm0.01_tournament_k3,50,0.8,0.01,tournament_k3,17,15463.0,15463,14220,115
pop50_pc0.8_pm0.01_tournament_k3,50,0.8,0.01,tournament_k3,18,15226.0,15226,14185,121
pop50_pc0.8_pm0.01_tournament_k3,50,0.8,0.01,tournament_k3,19,15331.0,15331,14228,83
pop50_pc0.8_pm0.01_tournament_k3,50,0.8,0.01,tournament_k3,20,15534.0,15534,14207,152
pop50_pc0.8_pm0.01_tournament_k3,50,0.8,0.01,tournament_k3,21,15393.0,15393,14232,140
pop50_pc0.8_pm0.01_tournament_k3,50,0.8,0.01,tournament_k3,22,15491.0,15491,14187,156
pop50_pc0.8_pm0.01_tournament_k3,50,0.8,0.01,tournament_k3,23,15547.0,15547,14235,170
pop50_pc0.8_pm0.01_tournament_k3,50,0.8,0.01,tournament_k3,24,15483.0,15483,14237,173
pop50_pc0.8_pm0.01_tournament_k3,50,0.8,0.01,tournament_k3,25,15363.0,15363,14226,177
pop50_pc0.8_pm0.01_tournament_k3,50,0.8,0.01,tournament_k3,26,15617.0,15617,14214,132
pop50_pc0.8_pm0.01_tournament_k3,50,0.8,0.01,tournament_k3,27,15521.0,15521,14232,250
pop50_pc0.8_pm0.01_tournament_k3,50,0.8,0.01,tournament_k3,28,15446.0,15446,14233,98
pop50_pc0.8_pm0.01_tournament_k3,50,0.8,0.01,tournament_k3,29,15132.0,15132,14186,50
pop50_pc0.8_pm0.01_tournament_k3,50,0.8,0.01,tournament_k3,30,15706.0,15706,14233,260
pop50_pc0.8_pm0.03_tournament_k3,50,0.8,0.03,tournament_k3,1,15562.0,15562,14235,107
pop50_pc0.8_pm0.03_tournament_k3,50,0.8,0.03,tournament_k3,2,15488.0,15488,14232,178
pop50_pc0.8_pm0.03_tournament_k3,50,0.8,0.03,tournament_k3,3,15437.0,15437,14225,104
pop50_pc0.8_pm0.03_tournament_k3,50,0.8,0.03,tournament_k3,4,15518.0,15518,14233,134
pop50_pc0.8_pm0.03_tournament_k3,50,0.8,0.03,tournament_k3,5,15545.0,15545,14230,207
pop50_pc0.8_pm0.03_tournament_k3,50,0.8,0.03,tournament_k3,6,15619.0,15619,14197,119
pop50_pc0.8_pm0.03_tournament_k3,50,0.8,0.03,tournament_k3,7,15360.0,15360,14236,88
pop50_pc0.8_pm0.03_tournament_k3,50,0.8,0.03,tournament_k3,8,15540.0,15540,14232,132
pop50_pc0.8_pm0.03_tournament_k3,50,0.8,0.03,tournament_k3,9,15599.0,15599,14234,144
pop50_pc0.8_pm0.03_tournament_k3,50,0.8,0.03,tournament_k3,10,15618.0,15618,14232,191
pop50_pc0.8_pm0.03_tournament_k3,50,0.8,0.03,tournament_k3,11,15588.0,15588,14222,249
pop50_pc0.8_pm0.03_tournament_k3,50,0.8,0.03,tournament_k3,12,15583.0,15583,14231,93
pop50_pc0.8_pm0.03_tournament_k3,50,0.8,0.03,tournament_k3,13,15632.0,15632,14220,150
pop50_pc0.8_pm0.03_tournament_k3,50,0.8,0.03,tournament_k3,14,15525.0,15525,14239,160
pop50_pc0.8_pm0.03_tournament_k3,50,0.8,0.03,tournament_k3,15,15685.0,15685,14239,231
pop50_pc0.8_pm0.03_tournament_k3,50,0.8,0.03,tournament_k3,16,15640.0,15640,14185,117
pop50_pc0.8_pm0.03_tournament_k3,50,0.8,0.03,tournament_k3,17,15566.0,15566,14213,130
pop50_pc0.8_pm0.03_tournament_k3,50,0.8,0.03,tournament_k3,18,15554.0,15554,14237,104
pop50_pc0.8_pm0.03_tournament_k3,50,0.8,0.03,tournament_k3,19,15449.0,15449,14192,144
pop50_pc0.8_pm0.03_tournament_k3,50,0.8,0.03,tournament_k3,20,15592.0,15592,14235,236
pop50_pc0.8_pm0.03_tournament_k3,50,0.8,0.03,tournament_k3,21,15544.0,15544,14196,124
pop50_pc0.8_pm0.03_tournament_k3,50,0.8,0.03,tournament_k3,22,15624.0,15624,14227,162
pop50_pc0.8_pm0.03_tournament_k3,50,0.8,0.03,tournament_k3,23,15571.0,15571,14219,138
pop50_pc0.8_pm0.03_tournament_k3,50,0.8,0.03,tournament_k3,24,15545.0,15545,14227,203
pop50_pc0.8_pm0.03_tournament_k3,50,0.8,0.03,tournament_k3,25,15495.0,15495,14223,113
pop50_pc0.8_pm0.03_tournament_k3,50,0.8,0.03,tournament_k3,26,15678.0,15678,14213,183
pop50_pc0.8_pm0.03_tournament_k3,50,0.8,0.03,tournament_k3,27,15482.0,15482,14231,124
pop50_pc0.8_pm0.03_tournament_k3,50,0.8,0.03,tournament_k3,28,15559.0,15559,14191,108
pop50_pc0.8_pm0.03_tournament_k3,50,0.8,0.03,tournament_k3,29,15515.0,15515,14219,105
pop50_pc0.8_pm0.03_tournament_k3,50,0.8,0.03,tournament_k3,30,15574.0,15574,14236,138
pop50_pc0.8_pm0.05_tournament_k3,50,0.8,0.05,tournament_k3,1,15542.0,15542,14215,226
pop50_pc0.8_pm0.05_tournament_k3,50,0.8,0.05,tournament_k3,2,15498.0,15498,14214,133
pop50_pc0.8_pm0.05_tournament_k3,50,0.8,0.05,tournament_k3,3,15478.0,15478,14200,115
pop50_pc0.8_pm0.05_tournament_k3,50,0.8,0.05,tournament_k3,4,15407.0,15407,14216,105
pop50_pc0.8_pm0.05_tournament_k3,50,0.8,0.05,tournament_k3,5,15322.0,15322,14206,73
pop50_pc0.8_pm0.05_tournament_k3,50,0.8,0.05,tournament_k3,6,15272.0,15272,14222,91
pop50_pc0.8_pm0.05_tournament_k3,50,0.8,0.05,tournament_k3,7,15484.0,15484,14222,87
pop50_pc0.8_pm0.05_tournament_k3,50,0.8,0.05,tournament_k3,8,15622.0,15622,14225,238
pop50_pc0.8_pm0.05_tournament_k3,50,0.8,0.05,tournament_k3,9,15388.0,15388,14231,68
pop50_pc0.8_pm0.05_tournament_k3,50,0.8,0.05,tournament_k3,10,15513.0,15513,14188,156
pop50_pc0.8_pm0.05_tournament_k3,50,0.8,0.05,tournament_k3,11,15520.0,15520,14220,201
pop50_pc0.8_pm0.05_tournament_k3,50,0.8,0.05,tournament_k3,12,15470.0,15470,14238,140
pop50_pc0.8_pm0.05_tournament_k3,50,0.8,0.05,tournament_k3,13,15443.0,15443,14231,128
pop50_pc0.8_pm0.05_tournament_k3,50,0.8,0.05,tournament_k3,14,15552.0,15552,14211,183
pop50_pc0.8_pm0.05_tournament_k3,50,0.8,0.05,tournament_k3,15,15373.0,15373,14231,84
pop50_pc0.8_pm0.05_tournament_k3,50,0.8,0.05,tournament_k3,16,15515.0,15515,14199,124
pop50_pc0.8_pm0.05_tournament_k3,50,0.8,0.05,tournament_k3,17,15475.0,15475,14202,195
pop50_pc0.8_pm0.05_tournament_k3,50,0.8,0.05,tournament_k3,18,15373.0,15373,14233,109
pop50_pc0.8_pm0.05_tournament_k3,50,0.8,0.05,tournament_k3,19,15587.0,15587,14198,150
pop50_pc0.8_pm0.05_tournament_k3,50,0.8,0.05,tournament_k3,20,15311.0,15311,14236,87
pop50_pc0.8_pm0.05_tournament_k3,50,0.8,0.05,tournament_k3,21,15518.0,15518,14236,198
pop50_pc0.8_pm0.05_tournament_k3,50,0.8,0.05,tournament_k3,22,15524.0,15524,14213,178
pop50_pc0.8_pm0.05_tournament_k3,50,0.8,0.05,tournament_k3,23,15553.0,15553,14217,204
pop50_pc0.8_pm0.05_tournament_k3,50,0.8,0.05,tournament_k3,24,15479.0,15479,14190,160
pop50_pc0.8_pm0.05_tournament_k3,50,0.8,0.05,tournament_k3,25,15482.0,15482,14228,173
pop50_pc0.8_pm0.05_tournament_k3,50,0.8,0.05,tournament_k3,26,15346.0,15346,14204,111
pop50_pc0.8_pm0.05_tournament_k3,50,0.8,0.05,tournament_k3,27,15572.0,15572,14203,147
pop50_pc0.8_pm0.05_tournament_k3,50,0.8,0.05,tournament_k3,28,15560.0,15560,14186,273
pop50_pc0.8_pm0.05_tournament_k3,50,0.8,0.05,tournament_k3,29,15409.0,15409,14204,84
pop50_pc0.8_pm0.05_tournament_k3,50,0.8,0.05,tournament_k3,30,15568.0,15568,14238,154
pop50_pc0.9_pm0.01_tournament_k3,50,0.9,0.01,tournament_k3,1,15447.0,15447,14211,130
pop50_pc0.9_pm0.01_tournament_k3,50,0.9,0.01,tournament_k3,2,15279.0,15279,14234,106
pop50_pc0.9_pm0.01_tournament_k3,50,0.9,0.01,tournament_k3,3,15421.0,15421,14236,149
pop50_pc0.9_pm0.01_tournament_k3,50,0.9,0.01,tournament_k3,4,15576.0,15576,14234,127
pop50_pc0.9_pm0.01_tournament_k3,50,0.9,0.01,tournament_k3,5,15514.0,15514,14212,166
pop50_pc0.9_pm0.01_tournament_k3,50,0.9,0.01,tournament_k3,6,15527.0,15527,14236,129
pop50_pc0.9_pm0.01_tournament_k3,50,0.9,0.01,tournament_k3,7,15337.0,15337,14219,143
pop50_pc0.9_pm0.01_tournament_k3,50,0.9,0.01,tournament_k3,8,15383.0,15383,14232,117
pop50_pc0.9_pm0.01_tournament_k3,50,0.9,0.01,tournament_k3,9,15457.0,15457,14217,202
pop50_pc0.9_pm0.01_tournament_k3,50,0.9,0.01,tournament_k3,10,15359.0,15359,14236,103
pop50_pc0.9_pm0.01_tournament_k3,50,0.9,0.01,tournament_k3,11,15376.0,15376,14229,159
pop50_pc0.9_pm0.01_tournament_k3,50,0.9,0.01,tournament_k3,12,15535.0,15535,14207,149
pop50_pc0.9_pm0.01_tournament_k3,50,0.9,0.01,tournament_k3,13,15161.0,15161,14239,62
pop50_pc0.9_pm0.01_tournament_k3,50,0.9,0.01,tournament_k3,14,15503.0,15503,14209,143
pop50_pc0.9_pm0.01_tournament_k3,50,0.9,0.01,tournament_k3,15,15294.0,15294,14217,126
pop50_pc0.9_pm0.01_tournament_k3,50,0.9,0.01,tournament_k3,16,15458.0,15458,14227,101
pop50_pc0.9_pm0.01_tournament_k3,50,0.9,0.01,tournament_k3,17,15502.0,15502,14193,143
pop50_pc0.9_pm0.01_tournament_k3,50,0.9,0.01,tournament_k3,18,15330.0,15330,14217,70
pop50_pc0.9_pm0.01_tournament_k3,50,0.9,0.01,tournament_k3,19,15382.0,15382,14214,171
pop50_pc0.9_pm0.01_tournament_k3,50,0.9,0.01,tournament_k3,20,15369.0,15369,14228,166
pop50_pc0.9_pm0.01_tournament_k3,50,0.9,0.01,tournament_k3,21,15593.0,15593,14201,197
pop50_pc0.9_pm0.01_tournament_k3,50,0.9,0.01,tournament_k3,22,15310.0,15310,14238,88
pop50_pc0.9_pm0.01_tournament_k3,50,0.9,0.01,tournament_k3,23,15402.0,15402,14230,104
pop50_pc0.9_pm0.01_tournament_k3,50,0.9,0.01,tournament_k3,24,15323.0,15323,14228,88
pop50_pc0.9_pm0.01_tournament_k3,50,0.9,0.01,tournament_k3,25,15122.0,15122,14212,71
pop50_pc0.9_pm0.01_tournament_k3,50,0.9,0.01,tournament_k3,26,15387.0,15387,14198,81
pop50_pc0.9_pm0.01_tournament_k3,50,0.9,0.01,tournament_k3,27,15309.0,15309,14238,99
pop50_pc0.9_pm0.01_tournament_k3,50,0.9,0.01,tournament_k3,28,15480.0,15480,14224,191
pop50_pc0.9_pm0.01_tournament_k3,50,0.9,0.01,tournament_k3,29,15499.0,15499,14232,134
pop50_pc0.9_pm0.01_tournament_k3,50,0.9,0.01,tournament_k3,30,15629.0,15629,14232,169
pop50_pc0.9_pm0.03_tournament_k3,50,0.9,0.03,tournament_k3,1,15466.0,15466,14237,111
pop50_pc0.9_pm0.03_tournament_k3,50,0.9,0.03,tournament_k3,2,15641.0,15641,14214,202
pop50_pc0.9_pm0.03_tournament_k3,50,0.9,0.03,tournament_k3,3,15574.0,15574,14225,171
pop50_pc0.9_pm0.03_tournament_k3,50,0.9,0.03,tournament_k3,4,15634.0,15634,14229,237
pop50_pc0.9_pm0.03_tournament_k3,50,0.9,0.03,tournament_k3,5,15525.0,15525,14224,208
pop50_pc0.9_pm0.03_tournament_k3,50,0.9,0.03,tournament_k3,6,15638.0,15638,14231,130
pop50_pc0.9_pm0.03_tournament_k3,50,0.9,0.03,tournament_k3,7,15607.0,15607,14238,137
pop50_pc0.9_pm0.03_tournament_k3,50,0.9,0.03,tournament_k3,8,15504.0,15504,14236,141
pop50_pc0.9_pm0.03_tournament_k3,50,0.9,0.03,tournament_k3,9,15439.0,15439,14229,110
pop50_pc0.9_pm0.03_tournament_k3,50,0.9,0.03,tournament_k3,10,15519.0,15519,14224,129
pop50_pc0.9_pm0.03_tournament_k3,50,0.9,0.03,tournament_k3,11,15613.0,15613,14210,173
pop50_pc0.9_pm0.03_tournament_k3,50,0.9,0.03,tournament_k3,12,15464.0,15464,14230,106
pop50_pc0.9_pm0.03_tournament_k3,50,0.9,0.03,tournament_k3,13,15627.0,15627,14205,168
pop50_pc0.9_pm0.03_tournament_k3,50,0.9,0.03,tournament_k3,14,15580.0,15580,14185,148
pop50_pc0.9_pm0.03_tournament_k3,50,0.9,0.03,tournament_k3,15,15599.0,15599,14193,140
pop50_pc0.9_pm0.03_tournament_k3,50,0.9,0.03,tournament_k3,16,15672.0,15672,14210,124
pop50_pc0.9_pm0.03_tournament_k3,50,0.9,0.03,tournament_k3,17,15575.0,15575,14232,216
pop50_pc0.9_pm0.03_tournament_k3,50,0.9,0.03,tournament_k3,18,15627.0,15627,14228,169
pop50_pc0.9_pm0.03_tournament_k3,50,0.9,0.03,tournament_k3,19,15647.0,15647,14214,187
pop50_pc0.9_pm0.03_tournament_k3,50,0.9,0.03,tournament_k3,20,15555.0,15555,14230,145
pop50_pc0.9_pm0.03_tournament_k3,50,0.9,0.03,tournament_k3,21,15633.0,15633,14219,138
pop50_pc0.9_pm0.03_tournament_k3,50,0.9,0.03,tournament_k3,22,15585.0,15585,14228,200
pop50_pc0.9_pm0.03_tournament_k3,50,0.9,0.03,tournament_k3,23,15483.0,15483,14214,95
pop50_pc0.9_pm0.03_tournament_k3,50,0.9,0.03,tournament_k3,24,15551.0,15551,14229,178
pop50_pc0.9_pm0.03_tournament_k3,50,0.9,0.03,tournament_k3,25,15636.0,15636,14204,187
pop50_pc0.9_pm0.03_tournament_k3,50,0.9,0.03,tournament_k3,26,15587.0,15587,14237,100
pop50_pc0.9_pm0.03_tournament_k3,50,0.9,0.03,tournament_k3,27,15496.0,15496,14223,206
pop50_pc0.9_pm0.03_tournament_k3,50,0.9,0.03,tournament_k3,28,15578.0,15578,14233,217
pop50_pc0.9_pm0.03_tournament_k3,50,0.9,0.03,tournament_k3,29,15542.0,15542,14236,131
pop50_pc0.9_pm0.03_tournament_k3,50,0.9,0.03,tournament_k3,30,15537.0,15537,14223,334
pop50_pc0.9_pm0.05_tournament_k3,50,0.9,0.05,tournament_k3,1,15417.0,15417,14236,136
pop50_pc0.9_pm0.05_tournament_k3,50,0.9,0.05,tournament_k3,2,15542.0,15542,14238,151
pop50_pc0.9_pm0.05_tournament_k3,50,0.9,0.05,tournament_k3,3,15291.0,15291,14173,87
pop50_pc0.9_pm0.05_tournament_k3,50,0.9,0.05,tournament_k3,4,15427.0,15427,14231,173
pop50_pc0.9_pm0.05_tournament_k3,50,0.9,0.05,tournament_k3,5,15414.0,15414,14232,109
pop50_pc0.9_pm0.05_tournament_k3,50,0.9,0.05,tournament_k3,6,15503.0,15503,14178,98
pop50_pc0.9_pm0.05_tournament_k3,50,0.9,0.05,tournament_k3,7,15309.0,15309,14184,89
pop50_pc0.9_pm0.05_tournament_k3,50,0.9,0.05,tournament_k3,8,15385.0,15385,14230,105
pop50_pc0.9_pm0.05_tournament_k3,50,0.9,0.05,tournament_k3,9,15430.0,15430,14227,119
pop50_pc0.9_pm0.05_tournament_k3,50,0.9,0.05,tournament_k3,10,15466.0,15466,14208,126
pop50_pc0.9_pm0.05_tournament_k3,50,0.9,0.05,tournament_k3,11,15275.0,15275,14228,93
pop50_pc0.9_pm0.05_tournament_k3,50,0.9,0.05,tournament_k3,12,15488.0,15488,14206,114
pop50_pc0.9_pm0.05_tournament_k3,50,0.9,0.05,tournament_k3,13,15327.0,15327,14163,101
pop50_pc0.9_pm0.05_tournament_k3,50,0.9,0.05,tournament_k3,14,15551.0,15551,14223,277
pop50_pc0.9_pm0.05_tournament_k3,50,0.9,0.05,tournament_k3,15,15527.0,15527,14216,97
pop50_pc0.9_pm0.05_tournament_k3,50,0.9,0.05,tournament_k3,16,15453.0,15453,14218,99
pop50_pc0.9_pm0.05_tournament_k3,50,0.9,0.05,tournament_k3,17,15372.0,15372,14222,94
pop50_pc0.9_pm0.05_tournament_k3,50,0.9,0.05,tournament_k3,18,15315.0,15315,14190,79
pop50_pc0.9_pm0.05_tournament_k3,50,0.9,0.05,tournament_k3,19,15530.0,15530,14239,127
pop50_pc0.9_pm0.05_tournament_k3,50,0.9,0.05,tournament_k3,20,15492.0,15492,14229,139
pop50_pc0.9_pm0.05_tournament_k3,50,0.9,0.05,tournament_k3,21,15631.0,15631,14208,172
pop50_pc0.9_pm0.05_tournament_k3,50,0.9,0.05,tournament_k3,22,15508.0,15508,14229,142
pop50_pc0.9_pm0.05_tournament_k3,50,0.9,0.05,tournament_k3,23,15561.0,15561,14219,163
pop50_pc0.9_pm0.05_tournament_k3,50,0.9,0.05,tournament_k3,24,15460.0,15460,14164,77
pop50_pc0.9_pm0.05_tournament_k3,50,0.9,0.05,tournament_k3,25,15362.0,15362,14215,70
pop50_pc0.9_pm0.05_tournament_k3,50,0.9,0.05,tournament_k3,26,15518.0,15518,14188,141
pop50_pc0.9_pm0.05_tournament_k3,50,0.9,0.05,tournament_k3,27,15451.0,15451,14171,134
pop50_pc0.9_pm0.05_tournament_k3,50,0.9,0.05,tournament_k3,28,15453.0,15453,14158,168
pop50_pc0.9_pm0.05_tournament_k3,50,0.9,0.05,tournament_k3,29,15592.0,15592,14199,118
pop50_pc0.9_pm0.05_tournament_k3,50,0.9,0.05,tournament_k3,30,15314.0,15314,14233,80
pop100_pc0.6_pm0.01_tournament_k3,100,0.6,0.01,tournament_k3,1,15580.0,15580,14210,143
pop100_pc0.6_pm0.01_tournament_k3,100,0.6,0.01,tournament_k3,2,15491.0,15491,14238,126
pop100_pc0.6_pm0.01_tournament_k3,100,0.6,0.01,tournament_k3,3,15347.0,15347,14239,58
pop100_pc0.6_pm0.01_tournament_k3,100,0.6,0.01,tournament_k3,4,15541.0,15541,14197,173
pop100_pc0.6_pm0.01_tournament_k3,100,0.6,0.01,tournament_k3,5,15657.0,15657,14219,236
pop100_pc0.6_pm0.01_tournament_k3,100,0.6,0.01,tournament_k3,6,15649.0,15649,14236,111
pop100_pc0.6_pm0.01_tournament_k3,100,0.6,0.01,tournament_k3,7,15741.0,15741,14231,149
pop100_pc0.6_pm0.01_tournament_k3,100,0.6,0.01,tournament_k3,8,15677.0,15677,14220,162
pop100_pc0.6_pm0.01_tournament_k3,100,0.6,0.01,tournament_k3,9,15472.0,15472,14237,86
pop100_pc0.6_pm0.01_tournament_k3,100,0.6,0.01,tournament_k3,10,15609.0,15609,14189,193
pop100_pc0.6_pm0.01_tournament_k3,100,0.6,0.01,tournament_k3,11,15622.0,15622,14238,233
pop100_pc0.6_pm0.01_tournament_k3,100,0.6,0.01,tournament_k3,12,15327.0,15327,14231,90
pop100_pc0.6_pm0.01_tournament_k3,100,0.6,0.01,tournament_k3,13,15516.0,15516,14232,136
pop100_pc0.6_pm0.01_tournament_k3,100,0.6,0.01,tournament_k3,14,15598.0,15598,14235,117
pop100_pc0.6_pm0.01_tournament_k3,100,0.6,0.01,tournament_k3,15,15597.0,15597,14229,116
pop100_pc0.6_pm0.01_tournament_k3,100,0.6,0.01,tournament_k3,16,15394.0,15394,14228,72
pop100_pc0.6_pm0.01_tournament_k3,100,0.6,0.01,tournament_k3,17,15593.0,15593,14222,146
pop100_pc0.6_pm0.01_tournament_k3,100,0.6,0.01,tournament_k3,18,15613.0,15613,14235,283
pop100_pc0.6_pm0.01_tournament_k3,100,0.6,0.01,tournament_k3,19,15610.0,15610,14229,211
pop100_pc0.6_pm0.01_tournament_k3,100,0.6,0.01,tournament_k3,20,15640.0,15640,14218,144
pop100_pc0.6_pm0.01_tournament_k3,100,0.6,0.01,tournament_k3,21,15417.0,15417,14237,133
pop100_pc0.6_pm0.01_tournament_k3,100,0.6,0.01,tournament_k3,22,15600.0,15600,14232,207
pop100_pc0.6_pm0.01_tournament_k3,100,0.6,0.01,tournament_k3,23,15664.0,15664,14237,99
pop100_pc0.6_pm0.01_tournament_k3,100,0.6,0.01,tournament_k3,24,15662.0,15662,14222,151
pop100_pc0.6_pm0.01_tournament_k3,100,0.6,0.01,tournament_k3,25,15532.0,15532,14231,82
pop100_pc0.6_pm0.01_tournament_k3,100,0.6,0.01,tournament_k3,26,15361.0,15361,14237,72
pop100_pc0.6_pm0.01_tournament_k3,100,0.6,0.01,tournament_k3,27,15549.0,15549,14232,230
pop100_pc0.6_pm0.01_tournament_k3,100,0.6,0.01,tournament_k3,28,15544.0,15544,14222,121
pop100_pc0.6_pm0.01_tournament_k3,100,0.6,0.01,tournament_k3,29,15439.0,15439,14232,115
pop100_pc0.6_pm0.01_tournament_k3,100,0.6,0.01,tournament_k3,30,15608.0,15608,14194,212
pop100_pc0.6_pm0.03_tournament_k3,100,0.6,0.03,tournament_k3,1,15680.0,15680,14234,213
pop100_pc0.6_pm0.03_tournament_k3,100,0.6,0.03,tournament_k3,2,15538.0,15538,14232,126
pop100_pc0.6_pm0.03_tournament_k3,100,0.6,0.03,tournament_k3,3,15593.0,15593,14206,135
pop100_pc0.6_pm0.03_tournament_k3,100,0.6,0.03,tournament_k3,4,15664.0,15664,14235,175
pop100_pc0.6_pm0.03_tournament_k3,100,0.6,0.03,tournament_k3,5,15558.0,15558,14233,145
pop100_pc0.6_pm0.03_tournament_k3,100,0.6,0.03,tournament_k3,6,15560.0,15560,14225,111
pop100_pc0.6_pm0.03_tournament_k3,100,0.6,0.03,tournament_k3,7,15676.0,15676,14225,130
pop100_pc0.6_pm0.03_tournament_k3,100,0.6,0.03,tournament_k3,8,15570.0,15570,14237,179
pop100_pc0.6_pm0.03_tournament_k3,100,0.6,0.03,tournament_k3,9,15631.0,15631,14218,129
pop100_pc0.6_pm0.03_tournament_k3,100,0.6,0.03,tournament_k3,10,15572.0,15572,14227,168
pop100_pc0.6_pm0.03_tournament_k3,100,0.6,0.03,tournament_k3,11,15554.0,15554,14209,130
pop100_pc0.6_pm0.03_tournament_k3,100,0.6,0.03,tournament_k3,12,15575.0,15575,14167,107
pop100_pc0.6_pm0.03_tournament_k3,100,0.6,0.03,tournament_k3,13,15623.0,15623,14213,119
pop100_pc0.6_pm0.03_tournament_k3,100,0.6,0.03,tournament_k3,14,15565.0,15565,14238,138
pop100_pc0.6_pm0.03_tournament_k3,100,0.6,0.03,tournament_k3,15,15484.0,15484,14226,74
pop100_pc0.6_pm0.03_tournament_k3,100,0.6,0.03,tournament_k3,16,15673.0,15673,14195,176
pop100_pc0.6_pm0.03_tournament_k3,100,0.6,0.03,tournament_k3,17,15641.0,15641,14226,237
pop100_pc0.6_pm0.03_tournament_k3,100,0.6,0.03,tournament_k3,18,15536.0,15536,14206,106
pop100_pc0.6_pm0.03_tournament_k3,100,0.6,0.03,tournament_k3,19,15599.0,15599,14234,148
pop100_pc0.6_pm0.03_tournament_k3,100,0.6,0.03,tournament_k3,20,15653.0,15653,14234,134
pop100_pc0.6_pm0.03_tournament_k3,100,0.6,0.03,tournament_k3,21,15664.0,15664,14208,203
pop100_pc0.6_pm0.03_tournament_k3,100,0.6,0.03,tournament_k3,22,15592.0,15592,14234,72
pop100_pc0.6_pm0.03_tournament_k3,100,0.6,0.03,tournament_k3,23,15672.0,15672,14229,189
pop100_pc0.6_pm0.03_tournament_k3,100,0.6,0.03,tournament_k3,24,15498.0,15498,14236,110
pop100_pc0.6_pm0.03_tournament_k3,100,0.6,0.03,tournament_k3,25,15653.0,15653,14236,159
pop100_pc0.6_pm0.03_tournament_k3,100,0.6,0.03,tournament_k3,26,15505.0,15505,14218,96
pop100_pc0.6_pm0.03_tournament_k3,100,0.6,0.03,tournament_k3,27,15659.0,15659,14196,126
pop100_pc0.6_pm0.03_tournament_k3,100,0.6,0.03,tournament_k3,28,15451.0,15451,14237,68
pop100_pc0.6_pm0.03_tournament_k3,100,0.6,0.03,tournament_k3,29,15537.0,15537,14217,100
pop100_pc0.6_pm0.03_tournament_k3,100,0.6,0.03,tournament_k3,30,15567.0,15567,14228,172
pop100_pc0.6_pm0.05_tournament_k3,100,0.6,0.05,tournament_k3,1,15578.0,15578,14236,129
pop100_pc0.6_pm0.05_tournament_k3,100,0.6,0.05,tournament_k3,2,15430.0,15430,14237,104
pop100_pc0.6_pm0.05_tournament_k3,100,0.6,0.05,tournament_k3,3,15428.0,15428,14217,196
pop100_pc0.6_pm0.05_tournament_k3,100,0.6,0.05,tournament_k3,4,15385.0,15385,14233,89
pop100_pc0.6_pm0.05_tournament_k3,100,0.6,0.05,tournament_k3,5,15426.0,15426,14175,136
pop100_pc0.6_pm0.05_tournament_k3,100,0.6,0.05,tournament_k3,6,15393.0,15393,14232,107
pop100_pc0.6_pm0.05_tournament_k3,100,0.6,0.05,tournament_k3,7,15492.0,15492,14200,97
pop100_pc0.6_pm0.05_tournament_k3,100,0.6,0.05,tournament_k3,8,15525.0,15525,14226,267
pop100_pc0.6_pm0.05_tournament_k3,100,0.6,0.05,tournament_k3,9,15529.0,15529,14237,116
pop100_pc0.6_pm0.05_tournament_k3,100,0.6,0.05,tournament_k3,10,15307.0,15307,14235,73
pop100_pc0.6_pm0.05_tournament_k3,100,0.6,0.05,tournament_k3,11,15402.0,15402,14184,127
pop100_pc0.6_pm0.05_tournament_k3,100,0.6,0.05,tournament_k3,12,15379.0,15379,14219,114
pop100_pc0.6_pm0.05_tournament_k3,100,0.6,0.05,tournament_k3,13,15435.0,15435,14185,105
pop100_pc0.6_pm0.05_tournament_k3,100,0.6,0.05,tournament_k3,14,15452.0,15452,14230,161
pop100_pc0.6_pm0.05_tournament_k3,100,0.6,0.05,tournament_k3,15,15438.0,15438,14226,103
pop100_pc0.6_pm0.05_tournament_k3,100,0.6,0.05,tournament_k3,16,15506.0,15506,14185,177
pop100_pc0.6_pm0.05_tournament_k3,100,0.6,0.05,tournament_k3,17,15507.0,15507,14170,158
pop100_pc0.6_pm0.05_tournament_k3,100,0.6,0.05,tournament_k3,18,15451.0,15451,14182,104
pop100_pc0.6_pm0.05_tournament_k3,100,0.6,0.05,tournament_k3,19,15555.0,15555,14239,136
pop100_pc0.6_pm0.05_tournament_k3,100,0.6,0.05,tournament_k3,20,15456.0,15456,14232,176
pop100_pc0.6_pm0.05_tournament_k3,100,0.6,0.05,tournament_k3,21,15424.0,15424,14205,65
pop100_pc0.6_pm0.05_tournament_k3,100,0.6,0.05,tournament_k3,22,15498.0,15498,14225,204
pop100_pc0.6_pm0.05_tournament_k3,100,0.6,0.05,tournament_k3,23,15409.0,15409,14227,70
pop100_pc0.6_pm0.05_tournament_k3,100,0.6,0.05,tournament_k3,24,15466.0,15466,14220,59
pop100_pc0.6_pm0.05_tournament_k3,100,0.6,0.05,tournament_k3,25,15534.0,15534,14204,134
pop100_pc0.6_pm0.05_tournament_k3,100,0.6,0.05,tournament_k3,26,15514.0,15514,14187,257
pop100_pc0.6_pm0.05_tournament_k3,100,0.6,0.05,tournament_k3,27,15338.0,15338,14227,72
pop100_pc0.6_pm0.05_tournament_k3,100,0.6,0.05,tournament_k3,28,15382.0,15382,14237,71
pop100_pc0.6_pm0.05_tournament_k3,100,0.6,0.05,tournament_k3,29,15447.0,15447,14206,167
pop100_pc0.6_pm0.05_tournament_k3,100,0.6,0.05,tournament_k3,30,15358.0,15358,14218,89
pop100_pc0.8_pm0.01_tournament_k3,100,0.8,0.01,tournament_k3,1,15593.0,15593,14226,99
pop100_pc0.8_pm0.01_tournament_k3,100,0.8,0.01,tournament_k3,2,15699.0,15699,14239,200
pop100_pc0.8_pm0.01_tournament_k3,100,0.8,0.01,tournament_k3,3,15587.0,15587,14231,312
pop100_pc0.8_pm0.01_tournament_k3,100,0.8,0.01,tournament_k3,4,15522.0,15522,14235,287
pop100_pc0.8_pm0.01_tournament_k3,100,0.8,0.01,tournament_k3,5,15518.0,15518,14191,97
pop100_pc0.8_pm0.01_tournament_k3,100,0.8,0.01,tournament_k3,6,15496.0,15496,14234,127
pop100_pc0.8_pm0.01_tournament_k3,100,0.8,0.01,tournament_k3,7,15474.0,15474,14222,69
pop100_pc0.8_pm0.01_tournament_k3,100,0.8,0.01,tournament_k3,8,15555.0,15555,14218,268
pop100_pc0.8_pm0.01_tournament_k3,100,0.8,0.01,tournament_k3,9,15439.0,15439,14222,96
pop100_pc0.8_pm0.01_tournament_k3,100,0.8,0.01,tournament_k3,10,15598.0,15598,14225,166
pop100_pc0.8_pm0.01_tournament_k3,100,0.8,0.01,tournament_k3,11,15647.0,15647,14224,211
pop100_pc0.8_pm0.01_tournament_k3,100,0.8,0.01,tournament_k3,12,15420.0,15420,14232,72
pop100_pc0.8_pm0.01_tournament_k3,100,0.8,0.01,tournament_k3,13,15629.0,15629,14227,102
pop100_pc0.8_pm0.01_tournament_k3,100,0.8,0.01,tournament_k3,14,15593.0,15593,14222,179
pop100_pc0.8_pm0.01_tournament_k3,100,0.8,0.01,tournament_k3,15,15528.0,15528,14226,80
pop100_pc0.8_pm0.01_tournament_k3,100,0.8,0.01,tournament_k3,16,15479.0,15479,14212,168
pop100_pc0.8_pm0.01_tournament_k3,100,0.8,0.01,tournament_k3,17,15628.0,15628,14233,114
pop100_pc0.8_pm0.01_tournament_k3,100,0.8,0.01,tournament_k3,18,15513.0,15513,14225,129
pop100_pc0.8_pm0.01_tournament_k3,100,0.8,0.01,tournament_k3,19,15609.0,15609,14224,177
pop100_pc0.8_pm0.01_tournament_k3,100,0.8,0.01,tournament_k3,20,15531.0,15531,14236,204
pop100_pc0.8_pm0.01_tournament_k3,100,0.8,0.01,tournament_k3,21,15609.0,15609,14210,165
pop100_pc0.8_pm0.01_tournament_k3,100,0.8,0.01,tournament_k3,22,15653.0,15653,14224,128
pop100_pc0.8_pm0.01_tournament_k3,100,0.8,0.01,tournament_k3,23,15576.0,15576,14228,139
pop100_pc0.8_pm0.01_tournament_k3,100,0.8,0.01,tournament_k3,24,15550.0,15550,14232,158
pop100_pc0.8_pm0.01_tournament_k3,100,0.8,0.01,tournament_k3,25,15653.0,15653,14188,191
pop100_pc0.8_pm0.01_tournament_k3,100,0.8,0.01,tournament_k3,26,15485.0,15485,14225,153
pop100_pc0.8_pm0.01_tournament_k3,100,0.8,0.01,tournament_k3,27,15313.0,15313,14238,92
pop100_pc0.8_pm0.01_tournament_k3,100,0.8,0.01,tournament_k3,28,15613.0,15613,14230,184
pop100_pc0.8_pm0.01_tournament_k3,100,0.8,0.01,tournament_k3,29,15606.0,15606,14201,138
pop100_pc0.8_pm0.01_tournament_k3,100,0.8,0.01,tournament_k3,30,15596.0,15596,14228,102
pop100_pc0.8_pm0.03_tournament_k3,100,0.8,0.03,tournament_k3,1,15739.0,15739,14229,227
pop100_pc0.8_pm0.03_tournament_k3,100,0.8,0.03,tournament_k3,2,15500.0,15500,14234,153
pop100_pc0.8_pm0.03_tournament_k3,100,0.8,0.03,tournament_k3,3,15703.0,15703,14222,209
pop100_pc0.8_pm0.03_tournament_k3,100,0.8,0.03,tournament_k3,4,15573.0,15573,14232,129
pop100_pc0.8_pm0.03_tournament_k3,100,0.8,0.03,tournament_k3,5,15536.0,15536,14215,121
pop100_pc0.8_pm0.03_tournament_k3,100,0.8,0.03,tournament_k3,6,15545.0,15545,14215,81
pop100_pc0.8_pm0.03_tournament_k3,100,0.8,0.03,tournament_k3,7,15513.0,15513,14230,126
pop100_pc0.8_pm0.03_tournament_k3,100,0.8,0.03,tournament_k3,8,15608.0,15608,14204,218
pop100_pc0.8_pm0.03_tournament_k3,100,0.8,0.03,tournament_k3,9,15656.0,15656,14225,156
pop100_pc0.8_pm0.03_tournament_k3,100,0.8,0.03,tournament_k3,10,15556.0,15556,14228,85
pop100_pc0.8_pm0.03_tournament_k3,100,0.8,0.03,tournament_k3,11,15650.0,15650,14228,138
pop100_pc0.8_pm0.03_tournament_k3,100,0.8,0.03,tournament_k3,12,15500.0,15500,14221,105
pop100_pc0.8_pm0.03_tournament_k3,100,0.8,0.03,tournament_k3,13,15568.0,15568,14237,131
pop100_pc0.8_pm0.03_tournament_k3,100,0.8,0.03,tournament_k3,14,15495.0,15495,14236,140
pop100_pc0.8_pm0.03_tournament_k3,100,0.8,0.03,tournament_k3,15,15588.0,15588,14226,121
pop100_pc0.8_pm0.03_tournament_k3,100,0.8,0.03,tournament_k3,16,15489.0,15489,14239,102
pop100_pc0.8_pm0.03_tournament_k3,100,0.8,0.03,tournament_k3,17,15510.0,15510,14232,113
pop100_pc0.8_pm0.03_tournament_k3,100,0.8,0.03,tournament_k3,18,15616.0,15616,14235,137
pop100_pc0.8_pm0.03_tournament_k3,100,0.8,0.03,tournament_k3,19,15582.0,15582,14236,136
pop100_pc0.8_pm0.03_tournament_k3,100,0.8,0.03,tournament_k3,20,15547.0,15547,14235,162
pop100_pc0.8_pm0.03_tournament_k3,100,0.8,0.03,tournament_k3,21,15507.0,15507,14215,170
pop100_pc0.8_pm0.03_tournament_k3,100,0.8,0.03,tournament_k3,22,15556.0,15556,14147,167
pop100_pc0.8_pm0.03_tournament_k3,100,0.8,0.03,tournament_k3,23,15395.0,15395,14226,109
pop100_pc0.8_pm0.03_tournament_k3,100,0.8,0.03,tournament_k3,24,15609.0,15609,14218,139
pop100_pc0.8_pm0.03_tournament_k3,100,0.8,0.03,tournament_k3,25,15538.0,15538,14224,76
pop100_pc0.8_pm0.03_tournament_k3,100,0.8,0.03,tournament_k3,26,15557.0,15557,14238,78
pop100_pc0.8_pm0.03_tournament_k3,100,0.8,0.03,tournament_k3,27,15469.0,15469,14229,103
pop100_pc0.8_pm0.03_tournament_k3,100,0.8,0.03,tournament_k3,28,15543.0,15543,14231,96
pop100_pc0.8_pm0.03_tournament_k3,100,0.8,0.03,tournament_k3,29,15611.0,15611,14235,271
pop100_pc0.8_pm0.03_tournament_k3,100,0.8,0.03,tournament_k3,30,15573.0,15573,14239,152
pop100_pc0.8_pm0.05_tournament_k3,100,0.8,0.05,tournament_k3,1,15507.0,15507,14199,167
pop100_pc0.8_pm0.05_tournament_k3,100,0.8,0.05,tournament_k3,2,15466.0,15466,14236,87
pop100_pc0.8_pm0.05_tournament_k3,100,0.8,0.05,tournament_k3,3,15516.0,15516,14213,156
pop100_pc0.8_pm0.05_tournament_k3,100,0.8,0.05,tournament_k3,4,15338.0,15338,14221,102
pop100_pc0.8_pm0.05_tournament_k3,100,0.8,0.05,tournament_k3,5,15485.0,15485,14221,159
pop100_pc0.8_pm0.05_tournament_k3,100,0.8,0.05,tournament_k3,6,15376.0,15376,14203,58
pop100_pc0.8_pm0.05_tournament_k3,100,0.8,0.05,tournament_k3,7,15544.0,15544,14239,147
pop100_pc0.8_pm0.05_tournament_k3,100,0.8,0.05,tournament_k3,8,15510.0,15510,14218,137
pop100_pc0.8_pm0.05_tournament_k3,100,0.8,0.05,tournament_k3,9,15555.0,15555,14211,134
pop100_pc0.8_pm0.05_tournament_k3,100,0.8,0.05,tournament_k3,10,15424.0,15424,14227,131
pop100_pc0.8_pm0.05_tournament_k3,100,0.8,0.05,tournament_k3,11,15385.0,15385,14223,137
pop100_pc0.8_pm0.05_tournament_k3,100,0.8,0.05,tournament_k3,12,15542.0,15542,14207,95
pop100_pc0.8_pm0.05_tournament_k3,100,0.8,0.05,tournament_k3,13,15592.0,15592,14198,93
pop100_pc0.8_pm0.05_tournament_k3,100,0.8,0.05,tournament_k3,14,15442.0,15442,14195,89
pop100_pc0.8_pm0.05_tournament_k3,100,0.8,0.05,tournament_k3,15,15415.0,15415,14226,128
pop100_pc0.8_pm0.05_tournament_k3,100,0.8,0.05,tournament_k3,16,15482.0,15482,14204,157
pop100_pc0.8_pm0.05_tournament_k3,100,0.8,0.05,tournament_k3,17,15485.0,15485,14237,84
pop100_pc0.8_pm0.05_tournament_k3,100,0.8,0.05,tournament_k3,18,15425.0,15425,14207,138
pop100_pc0.8_pm0.05_tournament_k3,100,0.8,0.05,tournament_k3,19,15454.0,15454,14221,154
pop100_pc0.8_pm0.05_tournament_k3,100,0.8,0.05,tournament_k3,20,15360.0,15360,14222,84
pop100_pc0.8_pm0.05_tournament_k3,100,0.8,0.05,tournament_k3,21,15452.0,15452,14193,107
pop100_pc0.8_pm0.05_tournament_k3,100,0.8,0.05,tournament_k3,22,15487.0,15487,14237,137
pop100_pc0.8_pm0.05_tournament_k3,100,0.8,0.05,tournament_k3,23,15549.0,15549,14230,162
pop100_pc0.8_pm0.05_tournament_k3,100,0.8,0.05,tournament_k3,24,15414.0,15414,14203,177
pop100_pc0.8_pm0.05_tournament_k3,100,0.8,0.05,tournament_k3,25,15404.0,15404,14231,107
pop100_pc0.8_pm0.05_tournament_k3,100,0.8,0.05,tournament_k3,26,15424.0,15424,14184,185
pop100_pc0.8_pm0.05_tournament_k3,100,0.8,0.05,tournament_k3,27,15484.0,15484,14219,136
pop100_pc0.8_pm0.05_tournament_k3,100,0.8,0.05,tournament_k3,28,15414.0,15414,14210,89
pop100_pc0.8_pm0.05_tournament_k3,100,0.8,0.05,tournament_k3,29,15344.0,15344,14231,87
pop100_pc0.8_pm0.05_tournament_k3,100,0.8,0.05,tournament_k3,30,15434.0,15434,14232,142
pop100_pc0.9_pm0.01_tournament_k3,100,0.9,0.01,tournament_k3,1,15670.0,15670,14210,197
pop100_pc0.9_pm0.01_tournament_k3,100,0.9,0.01,tournament_k3,2,15560.0,15560,14226,163
pop100_pc0.9_pm0.01_tournament_k3,100,0.9,0.01,tournament_k3,3,15599.0,15599,14228,101
pop100_pc0.9_pm0.01_tournament_k3,100,0.9,0.01,tournament_k3,4,15616.0,15616,14239,130
pop100_pc0.9_pm0.01_tournament_k3,100,0.9,0.01,tournament_k3,5,15563.0,15563,14222,90
pop100_pc0.9_pm0.01_tournament_k3,100,0.9,0.01,tournament_k3,6,15460.0,15460,14239,101
pop100_pc0.9_pm0.01_tournament_k3,100,0.9,0.01,tournament_k3,7,15632.0,15632,14219,110
pop100_pc0.9_pm0.01_tournament_k3,100,0.9,0.01,tournament_k3,8,15447.0,15447,14236,103
pop100_pc0.9_pm0.01_tournament_k3,100,0.9,0.01,tournament_k3,9,15642.0,15642,14219,115
pop100_pc0.9_pm0.01_tournament_k3,100,0.9,0.01,tournament_k3,10,15658.0,15658,14218,170
pop100_pc0.9_pm0.01_tournament_k3,100,0.9,0.01,tournament_k3,11,15489.0,15489,14234,80
pop100_pc0.9_pm0.01_tournament_k3,100,0.9,0.01,tournament_k3,12,15533.0,15533,14204,86
pop100_pc0.9_pm0.01_tournament_k3,100,0.9,0.01,tournament_k3,13,15619.0,15619,14220,189
pop100_pc0.9_pm0.01_tournament_k3,100,0.9,0.01,tournament_k3,14,15667.0,15667,14235,180
pop100_pc0.9_pm0.01_tournament_k3,100,0.9,0.01,tournament_k3,15,15640.0,15640,14219,122
pop100_pc0.9_pm0.01_tournament_k3,100,0.9,0.01,tournament_k3,16,15609.0,15609,14211,207
pop100_pc0.9_pm0.01_tournament_k3,100,0.9,0.01,tournament_k3,17,15606.0,15606,14229,148
pop100_pc0.9_pm0.01_tournament_k3,100,0.9,0.01,tournament_k3,18,15638.0,15638,14229,170
pop100_pc0.9_pm0.01_tournament_k3,100,0.9,0.01,tournament_k3,19,15472.0,15472,14239,128
pop100_pc0.9_pm0.01_tournament_k3,100,0.9,0.01,tournament_k3,20,15484.0,15484,14220,87
pop100_pc0.9_pm0.01_tournament_k3,100,0.9,0.01,tournament_k3,21,15494.0,15494,14233,113
pop100_pc0.9_pm0.01_tournament_k3,100,0.9,0.01,tournament_k3,22,15695.0,15695,14230,207
pop100_pc0.9_pm0.01_tournament_k3,100,0.9,0.01,tournament_k3,23,15453.0,15453,14239,81
pop100_pc0.9_pm0.01_tournament_k3,100,0.9,0.01,tournament_k3,24,15480.0,15480,14238,73
pop100_pc0.9_pm0.01_tournament_k3,100,0.9,0.01,tournament_k3,25,15621.0,15621,14221,231
pop100_pc0.9_pm0.01_tournament_k3,100,0.9,0.01,tournament_k3,26,15589.0,15589,14236,100
pop100_pc0.9_pm0.01_tournament_k3,100,0.9,0.01,tournament_k3,27,15708.0,15708,14236,269
pop100_pc0.9_pm0.01_tournament_k3,100,0.9,0.01,tournament_k3,28,15718.0,15718,14228,123
pop100_pc0.9_pm0.01_tournament_k3,100,0.9,0.01,tournament_k3,29,15584.0,15584,14230,161
pop100_pc0.9_pm0.01_tournament_k3,100,0.9,0.01,tournament_k3,30,15622.0,15622,14231,137
pop100_pc0.9_pm0.03_tournament_k3,100,0.9,0.03,tournament_k3,1,15601.0,15601,14228,144
pop100_pc0.9_pm0.03_tournament_k3,100,0.9,0.03,tournament_k3,2,15554.0,15554,14234,176
pop100_pc0.9_pm0.03_tournament_k3,100,0.9,0.03,tournament_k3,3,15659.0,15659,14218,147
pop100_pc0.9_pm0.03_tournament_k3,100,0.9,0.03,tournament_k3,4,15683.0,15683,14196,146
pop100_pc0.9_pm0.03_tournament_k3,100,0.9,0.03,tournament_k3,5,15540.0,15540,14225,186
pop100_pc0.9_pm0.03_tournament_k3,100,0.9,0.03,tournament_k3,6,15528.0,15528,14211,146
pop100_pc0.9_pm0.03_tournament_k3,100,0.9,0.03,tournament_k3,7,15588.0,15588,14203,181
pop100_pc0.9_pm0.03_tournament_k3,100,0.9,0.03,tournament_k3,8,15658.0,15658,14230,166
pop100_pc0.9_pm0.03_tournament_k3,100,0.9,0.03,tournament_k3,9,15556.0,15556,14230,182
pop100_pc0.9_pm0.03_tournament_k3,100,0.9,0.03,tournament_k3,10,15550.0,15550,14219,131
pop100_pc0.9_pm0.03_tournament_k3,100,0.9,0.03,tournament_k3,11,15623.0,15623,14234,118
pop100_pc0.9_pm0.03_tournament_k3,100,0.9,0.03,tournament_k3,12,15603.0,15603,14224,126
pop100_pc0.9_pm0.03_tournament_k3,100,0.9,0.03,tournament_k3,13,15529.0,15529,14237,133
pop100_pc0.9_pm0.03_tournament_k3,100,0.9,0.03,tournament_k3,14,15494.0,15494,14223,106
pop100_pc0.9_pm0.03_tournament_k3,100,0.9,0.03,tournament_k3,15,15563.0,15563,14201,254
pop100_pc0.9_pm0.03_tournament_k3,100,0.9,0.03,tournament_k3,16,15630.0,15630,14234,143
pop100_pc0.9_pm0.03_tournament_k3,100,0.9,0.03,tournament_k3,17,15637.0,15637,14229,140
pop100_pc0.9_pm0.03_tournament_k3,100,0.9,0.03,tournament_k3,18,15596.0,15596,14229,164
pop100_pc0.9_pm0.03_tournament_k3,100,0.9,0.03,tournament_k3,19,15656.0,15656,14222,236
pop100_pc0.9_pm0.03_tournament_k3,100,0.9,0.03,tournament_k3,20,15569.0,15569,14203,96
pop100_pc0.9_pm0.03_tournament_k3,100,0.9,0.03,tournament_k3,21,15405.0,15405,14233,69
pop100_pc0.9_pm0.03_tournament_k3,100,0.9,0.03,tournament_k3,22,15632.0,15632,14216,172
pop100_pc0.9_pm0.03_tournament_k3,100,0.9,0.03,tournament_k3,23,15696.0,15696,14237,164
pop100_pc0.9_pm0.03_tournament_k3,100,0.9,0.03,tournament_k3,24,15492.0,15492,14211,179
pop100_pc0.9_pm0.03_tournament_k3,100,0.9,0.03,tournament_k3,25,15643.0,15643,14175,226
pop100_pc0.9_pm0.03_tournament_k3,100,0.9,0.03,tournament_k3,26,15632.0,15632,14234,220
pop100_pc0.9_pm0.03_tournament_k3,100,0.9,0.03,tournament_k3,27,15565.0,15565,14206,92
pop100_pc0.9_pm0.03_tournament_k3,100,0.9,0.03,tournament_k3,28,15465.0,15465,14220,111
pop100_pc0.9_pm0.03_tournament_k3,100,0.9,0.03,tournament_k3,29,15603.0,15603,14224,97
pop100_pc0.9_pm0.03_tournament_k3,100,0.9,0.03,tournament_k3,30,15630.0,15630,14239,144
pop100_pc0.9_pm0.05_tournament_k3,100,0.9,0.05,tournament_k3,1,15508.0,15508,14220,186
pop100_pc0.9_pm0.05_tournament_k3,100,0.9,0.05,tournament_k3,2,15419.0,15419,14213,123
pop100_pc0.9_pm0.05_tournament_k3,100,0.9,0.05,tournament_k3,3,15399.0,15399,14199,100
pop100_pc0.9_pm0.05_tournament_k3,100,0.9,0.05,tournament_k3,4,15516.0,15516,14213,167
pop100_pc0.9_pm0.05_tournament_k3,100,0.9,0.05,tournament_k3,5,15476.0,15476,14229,152
pop100_pc0.9_pm0.05_tournament_k3,100,0.9,0.05,tournament_k3,6,15454.0,15454,14234,134
pop100_pc0.9_pm0.05_tournament_k3,100,0.9,0.05,tournament_k3,7,15549.0,15549,14196,94
pop100_pc0.9_pm0.05_tournament_k3,100,0.9,0.05,tournament_k3,8,15509.0,15509,14203,136
pop100_pc0.9_pm0.05_tournament_k3,100,0.9,0.05,tournament_k3,9,15437.0,15437,14178,245
pop100_pc0.9_pm0.05_tournament_k3,100,0.9,0.05,tournament_k3,10,15323.0,15323,14224,68
pop100_pc0.9_pm0.05_tournament_k3,100,0.9,0.05,tournament_k3,11,15473.0,15473,14221,99
pop100_pc0.9_pm0.05_tournament_k3,100,0.9,0.05,tournament_k3,12,15380.0,15380,14236,137
pop100_pc0.9_pm0.05_tournament_k3,100,0.9,0.05,tournament_k3,13,15447.0,15447,14215,109
pop100_pc0.9_pm0.05_tournament_k3,100,0.9,0.05,tournament_k3,14,15622.0,15622,14222,155
pop100_pc0.9_pm0.05_tournament_k3,100,0.9,0.05,tournament_k3,15,15469.0,15469,14207,144
pop100_pc0.9_pm0.05_tournament_k3,100,0.9,0.05,tournament_k3,16,15506.0,15506,14184,109
pop100_pc0.9_pm0.05_tournament_k3,100,0.9,0.05,tournament_k3,17,15506.0,15506,14223,139
pop100_pc0.9_pm0.05_tournament_k3,100,0.9,0.05,tournament_k3,18,15490.0,15490,14223,106
pop100_pc0.9_pm0.05_tournament_k3,100,0.9,0.05,tournament_k3,19,15599.0,15599,14218,237
pop100_pc0.9_pm0.05_tournament_k3,100,0.9,0.05,tournament_k3,20,15407.0,15407,14194,120
pop100_pc0.9_pm0.05_tournament_k3,100,0.9,0.05,tournament_k3,21,15588.0,15588,14218,175
pop100_pc0.9_pm0.05_tournament_k3,100,0.9,0.05,tournament_k3,22,15500.0,15500,14206,124
pop100_pc0.9_pm0.05_tournament_k3,100,0.9,0.05,tournament_k3,23,15542.0,15542,14227,126
pop100_pc0.9_pm0.05_tournament_k3,100,0.9,0.05,tournament_k3,24,15606.0,15606,14210,258
pop100_pc0.9_pm0.05_tournament_k3,100,0.9,0.05,tournament_k3,25,15565.0,15565,14236,161
pop100_pc0.9_pm0.05_tournament_k3,100,0.9,0.05,tournament_k3,26,15545.0,15545,14235,189
pop100_pc0.9_pm0.05_tournament_k3,100,0.9,0.05,tournament_k3,27,15313.0,15313,14216,62
pop100_pc0.9_pm0.05_tournament_k3,100,0.9,0.05,tournament_k3,28,15402.0,15402,14235,140
pop100_pc0.9_pm0.05_tournament_k3,100,0.9,0.05,tournament_k3,29,15424.0,15424,14227,93
pop100_pc0.9_pm0.05_tournament_k3,100,0.9,0.05,tournament_k3,30,15526.0,15526,14203,186
pop200_pc0.6_pm0.01_tournament_k3,200,0.6,0.01,tournament_k3,1,15747.0,15747,14236,186
pop200_pc0.6_pm0.01_tournament_k3,200,0.6,0.01,tournament_k3,2,15644.0,15644,14217,219
pop200_pc0.6_pm0.01_tournament_k3,200,0.6,0.01,tournament_k3,3,15553.0,15553,14238,132
pop200_pc0.6_pm0.01_tournament_k3,200,0.6,0.01,tournament_k3,4,15634.0,15634,14229,91
pop200_pc0.6_pm0.01_tournament_k3,200,0.6,0.01,tournament_k3,5,15696.0,15696,14218,170
pop200_pc0.6_pm0.01_tournament_k3,200,0.6,0.01,tournament_k3,6,15535.0,15535,14236,70
pop200_pc0.6_pm0.01_tournament_k3,200,0.6,0.01,tournament_k3,7,15740.0,15740,14227,221
pop200_pc0.6_pm0.01_tournament_k3,200,0.6,0.01,tournament_k3,8,15677.0,15677,14232,116
pop200_pc0.6_pm0.01_tournament_k3,200,0.6,0.01,tournament_k3,9,15594.0,15594,14229,109
pop200_pc0.6_pm0.01_tournament_k3,200,0.6,0.01,tournament_k3,10,15690.0,15690,14228,141
pop200_pc0.6_pm0.01_tournament_k3,200,0.6,0.01,tournament_k3,11,15757.0,15757,14236,155
pop200_pc0.6_pm0.01_tournament_k3,200,0.6,0.01,tournament_k3,12,15711.0,15711,14203,193
pop200_pc0.6_pm0.01_tournament_k3,200,0.6,0.01,tournament_k3,13,15676.0,15676,14217,165
pop200_pc0.6_pm0.01_tournament_k3,200,0.6,0.01,tournament_k3,14,15670.0,15670,14232,250
pop200_pc0.6_pm0.01_tournament_k3,200,0.6,0.01,tournament_k3,15,15638.0,15638,14233,129
pop200_pc0.6_pm0.01_tournament_k3,200,0.6,0.01,tournament_k3,16,15589.0,15589,14233,173
pop200_pc0.6_pm0.01_tournament_k3,200,0.6,0.01,tournament_k3,17,15658.0,15658,14235,181
pop200_pc0.6_pm0.01_tournament_k3,200,0.6,0.01,tournament_k3,18,15670.0,15670,14216,269
pop200_pc0.6_pm0.01_tournament_k3,200,0.6,0.01,tournament_k3,19,15600.0,15600,14220,102
pop200_pc0.6_pm0.01_tournament_k3,200,0.6,0.01,tournament_k3,20,15668.0,15668,14213,140
pop200_pc0.6_pm0.01_tournament_k3,200,0.6,0.01,tournament_k3,21,15577.0,15577,14232,102
pop200_pc0.6_pm0.01_tournament_k3,200,0.6,0.01,tournament_k3,22,15517.0,15517,14233,113
pop200_pc0.6_pm0.01_tournament_k3,200,0.6,0.01,tournament_k3,23,15739.0,15739,14232,231
pop200_pc0.6_pm0.01_tournament_k3,200,0.6,0.01,tournament_k3,24,15350.0,15350,14235,74
pop200_pc0.6_pm0.01_tournament_k3,200,0.6,0.01,tournament_k3,25,15727.0,15727,14237,136
pop200_pc0.6_pm0.01_tournament_k3,200,0.6,0.01,tournament_k3,26,15545.0,15545,14235,108
pop200_pc0.6_pm0.01_tournament_k3,200,0.6,0.01,tournament_k3,27,15701.0,15701,14224,185
pop200_pc0.6_pm0.01_tournament_k3,200,0.6,0.01,tournament_k3,28,15653.0,15653,14238,155
pop200_pc0.6_pm0.01_tournament_k3,200,0.6,0.01,tournament_k3,29,15458.0,15458,14203,122
pop200_pc0.6_pm0.01_tournament_k3,200,0.6,0.01,tournament_k3,30,15600.0,15600,14216,142
pop200_pc0.6_pm0.03_tournament_k3,200,0.6,0.03,tournament_k3,1,15559.0,15559,14230,138
pop200_pc0.6_pm0.03_tournament_k3,200,0.6,0.03,tournament_k3,2,15654.0,15654,14227,119
pop200_pc0.6_pm0.03_tournament_k3,200,0.6,0.03,tournament_k3,3,15654.0,15654,14233,172
pop200_pc0.6_pm0.03_tournament_k3,200,0.6,0.03,tournament_k3,4,15523.0,15523,14236,88
pop200_pc0.6_pm0.03_tournament_k3,200,0.6,0.03,tournament_k3,5,15608.0,15608,14219,99
pop200_pc0.6_pm0.03_tournament_k3,200,0.6,0.03,tournament_k3,6,15630.0,15630,14231,157
pop200_pc0.6_pm0.03_tournament_k3,200,0.6,0.03,tournament_k3,7,15618.0,15618,14222,207
pop200_pc0.6_pm0.03_tournament_k3,200,0.6,0.03,tournament_k3,8,15648.0,15648,14212,135
pop200_pc0.6_pm0.03_tournament_k3,200,0.6,0.03,tournament_k3,9,15558.0,15558,14230,91
pop200_pc0.6_pm0.03_tournament_k3,200,0.6,0.03,tournament_k3,10,15600.0,15600,14230,131
pop200_pc0.6_pm0.03_tournament_k3,200,0.6,0.03,tournament_k3,11,15639.0,15639,14198,145
pop200_pc0.6_pm0.03_tournament_k3,200,0.6,0.03,tournament_k3,12,15641.0,15641,14211,209
pop200_pc0.6_pm0.03_tournament_k3,200,0.6,0.03,tournament_k3,13,15686.0,15686,14234,127
pop200_pc0.6_pm0.03_tournament_k3,200,0.6,0.03,tournament_k3,14,15636.0,15636,14233,162
pop200_pc0.6_pm0.03_tournament_k3,200,0.6,0.03,tournament_k3,15,15647.0,15647,14190,212
pop200_pc0.6_pm0.03_tournament_k3,200,0.6,0.03,tournament_k3,16,15607.0,15607,14234,107
pop200_pc0.6_pm0.03_tournament_k3,200,0.6,0.03,tournament_k3,17,15484.0,15484,14215,110
pop200_pc0.6_pm0.03_tournament_k3,200,0.6,0.03,tournament_k3,18,15522.0,15522,14233,84
pop200_pc0.6_pm0.03_tournament_k3,200,0.6,0.03,tournament_k3,19,15510.0,15510,14232,133
pop200_pc0.6_pm0.03_tournament_k3,200,0.6,0.03,tournament_k3,20,15648.0,15648,14206,338
pop200_pc0.6_pm0.03_tournament_k3,200,0.6,0.03,tournament_k3,21,15711.0,15711,14228,220
pop200_pc0.6_pm0.03_tournament_k3,200,0.6,0.03,tournament_k3,22,15513.0,15513,14238,94
pop200_pc0.6_pm0.03_tournament_k3,200,0.6,0.03,tournament_k3,23,15587.0,15587,14232,137
pop200_pc0.6_pm0.03_tournament_k3,200,0.6,0.03,tournament_k3,24,15693.0,15693,14223,177
pop200_pc0.6_pm0.03_tournament_k3,200,0.6,0.03,tournament_k3,25,15539.0,15539,14234,64
pop200_pc0.6_pm0.03_tournament_k3,200,0.6,0.03,tournament_k3,26,15629.0,15629,14213,102
pop200_pc0.6_pm0.03_tournament_k3,200,0.6,0.03,tournament_k3,27,15693.0,15693,14235,127
pop200_pc0.6_pm0.03_tournament_k3,200,0.6,0.03,tournament_k3,28,15478.0,15478,14225,74
pop200_pc0.6_pm0.03_tournament_k3,200,0.6,0.03,tournament_k3,29,15576.0,15576,14238,144
pop200_pc0.6_pm0.03_tournament_k3,200,0.6,0.03,tournament_k3,30,15651.0,15651,14201,137
pop200_pc0.6_pm0.05_tournament_k3,200,0.6,0.05,tournament_k3,1,15588.0,15588,14217,136
pop200_pc0.6_pm0.05_tournament_k3,200,0.6,0.05,tournament_k3,2,15584.0,15584,14203,274
pop200_pc0.6_pm0.05_tournament_k3,200,0.6,0.05,tournament_k3,3,15507.0,15507,14218,113
pop200_pc0.6_pm0.05_tournament_k3,200,0.6,0.05,tournament_k3,4,15627.0,15627,14144,233
pop200_pc0.6_pm0.05_tournament_k3,200,0.6,0.05,tournament_k3,5,15613.0,15613,14219,209
pop200_pc0.6_pm0.05_tournament_k3,200,0.6,0.05,tournament_k3,6,15413.0,15413,14220,159
pop200_pc0.6_pm0.05_tournament_k3,200,0.6,0.05,tournament_k3,7,15490.0,15490,14218,199
pop200_pc0.6_pm0.05_tournament_k3,200,0.6,0.05,tournament_k3,8,15406.0,15406,14208,103
pop200_pc0.6_pm0.05_tournament_k3,200,0.6,0.05,tournament_k3,9,15590.0,15590,14206,111
pop200_pc0.6_pm0.05_tournament_k3,200,0.6,0.05,tournament_k3,10,15582.0,15582,14212,189
pop200_pc0.6_pm0.05_tournament_k3,200,0.6,0.05,tournament_k3,11,15419.0,15419,14211,113
pop200_pc0.6_pm0.05_tournament_k3,200,0.6,0.05,tournament_k3,12,15518.0,15518,14238,96
pop200_pc0.6_pm0.05_tournament_k3,200,0.6,0.05,tournament_k3,13,15438.0,15438,14175,107
pop200_pc0.6_pm0.05_tournament_k3,200,0.6,0.05,tournament_k3,14,15526.0,15526,14216,137
pop200_pc0.6_pm0.05_tournament_k3,200,0.6,0.05,tournament_k3,15,15653.0,15653,14200,145
pop200_pc0.6_pm0.05_tournament_k3,200,0.6,0.05,tournament_k3,16,15567.0,15567,14214,101
pop200_pc0.6_pm0.05_tournament_k3,200,0.6,0.05,tournament_k3,17,15471.0,15471,14217,85
pop200_pc0.6_pm0.05_tournament_k3,200,0.6,0.05,tournament_k3,18,15435.0,15435,14157,151
pop200_pc0.6_pm0.05_tournament_k3,200,0.6,0.05,tournament_k3,19,15478.0,15478,14217,134
pop200_pc0.6_pm0.05_tournament_k3,200,0.6,0.05,tournament_k3,20,15520.0,15520,14235,133
pop200_pc0.6_pm0.05_tournament_k3,200,0.6,0.05,tournament_k3,21,15402.0,15402,14198,68
pop200_pc0.6_pm0.05_tournament_k3,200,0.6,0.05,tournament_k3,22,15500.0,15500,14239,133
pop200_pc0.6_pm0.05_tournament_k3,200,0.6,0.05,tournament_k3,23,15495.0,15495,14232,164
pop200_pc0.6_pm0.05_tournament_k3,200,0.6,0.05,tournament_k3,24,15420.0,15420,14234,126
pop200_pc0.6_pm0.05_tournament_k3,200,0.6,0.05,tournament_k3,25,15508.0,15508,14239,64
pop200_pc0.6_pm0.05_tournament_k3,200,0.6,0.05,tournament_k3,26,15594.0,15594,14221,119
pop200_pc0.6_pm0.05_tournament_k3,200,0.6,0.05,tournament_k3,27,15423.0,15423,14237,186
pop200_pc0.6_pm0.05_tournament_k3,200,0.6,0.05,tournament_k3,28,15539.0,15539,14235,76
pop200_pc0.6_pm0.05_tournament_k3,200,0.6,0.05,tournament_k3,29,15464.0,15464,14217,99
pop200_pc0.6_pm0.05_tournament_k3,200,0.6,0.05,tournament_k3,30,15474.0,15474,14168,90
pop200_pc0.8_pm0.01_tournament_k3,200,0.8,0.01,tournament_k3,1,15632.0,15632,14224,139
pop200_pc0.8_pm0.01_tournament_k3,200,0.8,0.01,tournament_k3,2,15723.0,15723,14239,148
pop200_pc0.8_pm0.01_tournament_k3,200,0.8,0.01,tournament_k3,3,15482.0,15482,14239,83
pop200_pc0.8_pm0.01_tournament_k3,200,0.8,0.01,tournament_k3,4,15625.0,15625,14228,116
pop200_pc0.8_pm0.01_tournament_k3,200,0.8,0.01,tournament_k3,5,15667.0,15667,14214,117
pop200_pc0.8_pm0.01_tournament_k3,200,0.8,0.01,tournament_k3,6,15600.0,15600,14224,119
pop200_pc0.8_pm0.01_tournament_k3,200,0.8,0.01,tournament_k3,7,15594.0,15594,14207,128
pop200_pc0.8_pm0.01_tournament_k3,200,0.8,0.01,tournament_k3,8,15676.0,15676,14234,171
pop200_pc0.8_pm0.01_tournament_k3,200,0.8,0.01,tournament_k3,9,15638.0,15638,14237,108
pop200_pc0.8_pm0.01_tournament_k3,200,0.8,0.01,tournament_k3,10,15691.0,15691,14235,112
pop200_pc0.8_pm0.01_tournament_k3,200,0.8,0.01,tournament_k3,11,15633.0,15633,14224,159
pop200_pc0.8_pm0.01_tournament_k3,200,0.8,0.01,tournament_k3,12,15699.0,15699,14230,174
pop200_pc0.8_pm0.01_tournament_k3,200,0.8,0.01,tournament_k3,13,15598.0,15598,14227,94
pop200_pc0.8_pm0.01_tournament_k3,200,0.8,0.01,tournament_k3,14,15722.0,15722,14230,193
pop200_pc0.8_pm0.01_tournament_k3,200,0.8,0.01,tournament_k3,15,15657.0,15657,14219,155
pop200_pc0.8_pm0.01_tournament_k3,200,0.8,0.01,tournament_k3,16,15553.0,15553,14221,118
pop200_pc0.8_pm0.01_tournament_k3,200,0.8,0.01,tournament_k3,17,15720.0,15720,14232,210
pop200_pc0.8_pm0.01_tournament_k3,200,0.8,0.01,tournament_k3,18,15637.0,15637,14236,102
pop200_pc0.8_pm0.01_tournament_k3,200,0.8,0.01,tournament_k3,19,15576.0,15576,14214,99
pop200_pc0.8_pm0.01_tournament_k3,200,0.8,0.01,tournament_k3,20,15673.0,15673,14238,181
pop200_pc0.8_pm0.01_tournament_k3,200,0.8,0.01,tournament_k3,21,15711.0,15711,14231,239
pop200_pc0.8_pm0.01_tournament_k3,200,0.8,0.01,tournament_k3,22,15706.0,15706,14238,92
pop200_pc0.8_pm0.01_tournament_k3,200,0.8,0.01,tournament_k3,23,15506.0,15506,14236,81
pop200_pc0.8_pm0.01_tournament_k3,200,0.8,0.01,tournament_k3,24,15682.0,15682,14211,141
pop200_pc0.8_pm0.01_tournament_k3,200,0.8,0.01,tournament_k3,25,15731.0,15731,14230,181
pop200_pc0.8_pm0.01_tournament_k3,200,0.8,0.01,tournament_k3,26,15743.0,15743,14230,168
pop200_pc0.8_pm0.01_tournament_k3,200,0.8,0.01,tournament_k3,27,15574.0,15574,14230,144
pop200_pc0.8_pm0.01_tournament_k3,200,0.8,0.01,tournament_k3,28,15613.0,15613,14239,85
pop200_pc0.8_pm0.01_tournament_k3,200,0.8,0.01,tournament_k3,29,15652.0,15652,14224,233
pop200_pc0.8_pm0.01_tournament_k3,200,0.8,0.01,tournament_k3,30,15665.0,15665,14232,226
pop200_pc0.8_pm0.03_tournament_k3,200,0.8,0.03,tournament_k3,1,15692.0,15692,14200,246
pop200_pc0.8_pm0.03_tournament_k3,200,0.8,0.03,tournament_k3,2,15617.0,15617,14220,143
pop200_pc0.8_pm0.03_tournament_k3,200,0.8,0.03,tournament_k3,3,15633.0,15633,14231,153
pop200_pc0.8_pm0.03_tournament_k3,200,0.8,0.03,tournament_k3,4,15435.0,15435,14221,68
pop200_pc0.8_pm0.03_tournament_k3,200,0.8,0.03,tournament_k3,5,15690.0,15690,14219,201
pop200_pc0.8_pm0.03_tournament_k3,200,0.8,0.03,tournament_k3,6,15663.0,15663,14232,184
pop200_pc0.8_pm0.03_tournament_k3,200,0.8,0.03,tournament_k3,7,15571.0,15571,14231,145
pop200_pc0.8_pm0.03_tournament_k3,200,0.8,0.03,tournament_k3,8,15627.0,15627,14224,110
pop200_pc0.8_pm0.03_tournament_k3,200,0.8,0.03,tournament_k3,9,15616.0,15616,14178,164
pop200_pc0.8_pm0.03_tournament_k3,200,0.8,0.03,tournament_k3,10,15571.0,15571,14234,86
pop200_pc0.8_pm0.03_tournament_k3,200,0.8,0.03,tournament_k3,11,15498.0,15498,14237,128
pop200_pc0.8_pm0.03_tournament_k3,200,0.8,0.03,tournament_k3,12,15686.0,15686,14233,112
pop200_pc0.8_pm0.03_tournament_k3,200,0.8,0.03,tournament_k3,13,15554.0,15554,14238,136
pop200_pc0.8_pm0.03_tournament_k3,200,0.8,0.03,tournament_k3,14,15590.0,15590,14193,93
pop200_pc0.8_pm0.03_tournament_k3,200,0.8,0.03,tournament_k3,15,15618.0,15618,14214,171
pop200_pc0.8_pm0.03_tournament_k3,200,0.8,0.03,tournament_k3,16,15598.0,15598,14235,134
pop200_pc0.8_pm0.03_tournament_k3,200,0.8,0.03,tournament_k3,17,15626.0,15626,14192,226
pop200_pc0.8_pm0.03_tournament_k3,200,0.8,0.03,tournament_k3,18,15650.0,15650,14204,158
pop200_pc0.8_pm0.03_tournament_k3,200,0.8,0.03,tournament_k3,19,15603.0,15603,14201,156
pop200_pc0.8_pm0.03_tournament_k3,200,0.8,0.03,tournament_k3,20,15572.0,15572,14218,222
pop200_pc0.8_pm0.03_tournament_k3,200,0.8,0.03,tournament_k3,21,15607.0,15607,14219,195
pop200_pc0.8_pm0.03_tournament_k3,200,0.8,0.03,tournament_k3,22,15486.0,15486,14229,76
pop200_pc0.8_pm0.03_tournament_k3,200,0.8,0.03,tournament_k3,23,15672.0,15672,14214,188
pop200_pc0.8_pm0.03_tournament_k3,200,0.8,0.03,tournament_k3,24,15609.0,15609,14194,199
pop200_pc0.8_pm0.03_tournament_k3,200,0.8,0.03,tournament_k3,25,15491.0,15491,14239,86
pop200_pc0.8_pm0.03_tournament_k3,200,0.8,0.03,tournament_k3,26,15604.0,15604,14225,225
pop200_pc0.8_pm0.03_tournament_k3,200,0.8,0.03,tournament_k3,27,15618.0,15618,14229,136
pop200_pc0.8_pm0.03_tournament_k3,200,0.8,0.03,tournament_k3,28,15630.0,15630,14233,122
pop200_pc0.8_pm0.03_tournament_k3,200,0.8,0.03,tournament_k3,29,15602.0,15602,14239,169
pop200_pc0.8_pm0.03_tournament_k3,200,0.8,0.03,tournament_k3,30,15597.0,15597,14215,162
pop200_pc0.8_pm0.05_tournament_k3,200,0.8,0.05,tournament_k3,1,15477.0,15477,14219,111
pop200_pc0.8_pm0.05_tournament_k3,200,0.8,0.05,tournament_k3,2,15327.0,15327,14232,87
pop200_pc0.8_pm0.05_tournament_k3,200,0.8,0.05,tournament_k3,3,15445.0,15445,14232,93
pop200_pc0.8_pm0.05_tournament_k3,200,0.8,0.05,tournament_k3,4,15293.0,15293,14214,71
pop200_pc0.8_pm0.05_tournament_k3,200,0.8,0.05,tournament_k3,5,15314.0,15314,14218,50
pop200_pc0.8_pm0.05_tournament_k3,200,0.8,0.05,tournament_k3,6,15384.0,15384,14195,79
pop200_pc0.8_pm0.05_tournament_k3,200,0.8,0.05,tournament_k3,7,15536.0,15536,14220,140
pop200_pc0.8_pm0.05_tournament_k3,200,0.8,0.05,tournament_k3,8,15456.0,15456,14234,87
pop200_pc0.8_pm0.05_tournament_k3,200,0.8,0.05,tournament_k3,9,15534.0,15534,14231,123
pop200_pc0.8_pm0.05_tournament_k3,200,0.8,0.05,tournament_k3,10,15545.0,15545,14235,211
pop200_pc0.8_pm0.05_tournament_k3,200,0.8,0.05,tournament_k3,11,15487.0,15487,14215,118
pop200_pc0.8_pm0.05_tournament_k3,200,0.8,0.05,tournament_k3,12,15554.0,15554,14217,109
pop200_pc0.8_pm0.05_tournament_k3,200,0.8,0.05,tournament_k3,13,15512.0,15512,14202,154
pop200_pc0.8_pm0.05_tournament_k3,200,0.8,0.05,tournament_k3,14,15450.0,15450,14204,88
pop200_pc0.8_pm0.05_tournament_k3,200,0.8,0.05,tournament_k3,15,15496.0,15496,14239,95
pop200_pc0.8_pm0.05_tournament_k3,200,0.8,0.05,tournament_k3,16,15429.0,15429,14210,132
pop200_pc0.8_pm0.05_tournament_k3,200,0.8,0.05,tournament_k3,17,15479.0,15479,14233,207
pop200_pc0.8_pm0.05_tournament_k3,200,0.8,0.05,tournament_k3,18,15423.0,15423,14234,108
pop200_pc0.8_pm0.05_tournament_k3,200,0.8,0.05,tournament_k3,19,15472.0,15472,14209,137
pop200_pc0.8_pm0.05_tournament_k3,200,0.8,0.05,tournament_k3,20,15384.0,15384,14206,64
pop200_pc0.8_pm0.05_tournament_k3,200,0.8,0.05,tournament_k3,21,15436.0,15436,14172,116
pop200_pc0.8_pm0.05_tournament_k3,200,0.8,0.05,tournament_k3,22,15454.0,15454,14205,99
pop200_pc0.8_pm0.05_tournament_k3,200,0.8,0.05,tournament_k3,23,15389.0,15389,14238,64
pop200_pc0.8_pm0.05_tournament_k3,200,0.8,0.05,tournament_k3,24,15424.0,15424,14194,75
pop200_pc0.8_pm0.05_tournament_k3,200,0.8,0.05,tournament_k3,25,15541.0,15541,14231,90
pop200_pc0.8_pm0.05_tournament_k3,200,0.8,0.05,tournament_k3,26,15319.0,15319,14238,83
pop200_pc0.8_pm0.05_tournament_k3,200,0.8,0.05,tournament_k3,27,15500.0,15500,14227,121
pop200_pc0.8_pm0.05_tournament_k3,200,0.8,0.05,tournament_k3,28,15576.0,15576,14239,90
pop200_pc0.8_pm0.05_tournament_k3,200,0.8,0.05,tournament_k3,29,15602.0,15602,14221,75
pop200_pc0.8_pm0.05_tournament_k3,200,0.8,0.05,tournament_k3,30,15475.0,15475,14236,131
pop200_pc0.9_pm0.01_tournament_k3,200,0.9,0.01,tournament_k3,1,15514.0,15514,14239,97
pop200_pc0.9_pm0.01_tournament_k3,200,0.9,0.01,tournament_k3,2,15729.0,15729,14231,181
pop200_pc0.9_pm0.01_tournament_k3,200,0.9,0.01,tournament_k3,3,15747.0,15747,14236,204
pop200_pc0.9_pm0.01_tournament_k3,200,0.9,0.01,tournament_k3,4,15662.0,15662,14228,139
pop200_pc0.9_pm0.01_tournament_k3,200,0.9,0.01,tournament_k3,5,15708.0,15708,14232,140
pop200_pc0.9_pm0.01_tournament_k3,200,0.9,0.01,tournament_k3,6,15676.0,15676,14237,176
pop200_pc0.9_pm0.01_tournament_k3,200,0.9,0.01,tournament_k3,7,15691.0,15691,14216,163
pop200_pc0.9_pm0.01_tournament_k3,200,0.9,0.01,tournament_k3,8,15630.0,15630,14212,178
pop200_pc0.9_pm0.01_tournament_k3,200,0.9,0.01,tournament_k3,9,15654.0,15654,14235,84
pop200_pc0.9_pm0.01_tournament_k3,200,0.9,0.01,tournament_k3,10,15712.0,15712,14201,142
pop200_pc0.9_pm0.01_tournament_k3,200,0.9,0.01,tournament_k3,11,15678.0,15678,14233,107
pop200_pc0.9_pm0.01_tournament_k3,200,0.9,0.01,tournament_k3,12,15722.0,15722,14238,146
pop200_pc0.9_pm0.01_tournament_k3,200,0.9,0.01,tournament_k3,13,15619.0,15619,14232,115
pop200_pc0.9_pm0.01_tournament_k3,200,0.9,0.01,tournament_k3,14,15561.0,15561,14236,200
pop200_pc0.9_pm0.01_tournament_k3,200,0.9,0.01,tournament_k3,15,15690.0,15690,14209,176
pop200_pc0.9_pm0.01_tournament_k3,200,0.9,0.01,tournament_k3,16,15683.0,15683,14238,89
pop200_pc0.9_pm0.01_tournament_k3,200,0.9,0.01,tournament_k3,17,15709.0,15709,14236,119
pop200_pc0.9_pm0.01_tournament_k3,200,0.9,0.01,tournament_k3,18,15694.0,15694,14226,170
pop200_pc0.9_pm0.01_tournament_k3,200,0.9,0.01,tournament_k3,19,15679.0,15679,14222,138
pop200_pc0.9_pm0.01_tournament_k3,200,0.9,0.01,tournament_k3,20,15661.0,15661,14238,123
pop200_pc0.9_pm0.01_tournament_k3,200,0.9,0.01,tournament_k3,21,15664.0,15664,14230,113
pop200_pc0.9_pm0.01_tournament_k3,200,0.9,0.01,tournament_k3,22,15738.0,15738,14236,214
pop200_pc0.9_pm0.01_tournament_k3,200,0.9,0.01,tournament_k3,23,15642.0,15642,14216,191
pop200_pc0.9_pm0.01_tournament_k3,200,0.9,0.01,tournament_k3,24,15701.0,15701,14232,163
pop200_pc0.9_pm0.01_tournament_k3,200,0.9,0.01,tournament_k3,25,15689.0,15689,14237,115
pop200_pc0.9_pm0.01_tournament_k3,200,0.9,0.01,tournament_k3,26,15686.0,15686,14233,114
pop200_pc0.9_pm0.01_tournament_k3,200,0.9,0.01,tournament_k3,27,15710.0,15710,14222,141
pop200_pc0.9_pm0.01_tournament_k3,200,0.9,0.01,tournament_k3,28,15636.0,15636,14232,101
pop200_pc0.9_pm0.01_tournament_k3,200,0.9,0.01,tournament_k3,29,15628.0,15628,14239,139
pop200_pc0.9_pm0.01_tournament_k3,200,0.9,0.01,tournament_k3,30,15546.0,15546,14229,76
pop200_pc0.9_pm0.03_tournament_k3,200,0.9,0.03,tournament_k3,1,15511.0,15511,14231,87
pop200_pc0.9_pm0.03_tournament_k3,200,0.9,0.03,tournament_k3,2,15634.0,15634,14232,149
pop200_pc0.9_pm0.03_tournament_k3,200,0.9,0.03,tournament_k3,3,15521.0,15521,14236,132
pop200_pc0.9_pm0.03_tournament_k3,200,0.9,0.03,tournament_k3,4,15574.0,15574,14222,106
pop200_pc0.9_pm0.03_tournament_k3,200,0.9,0.03,tournament_k3,5,15537.0,15537,14230,82
pop200_pc0.9_pm0.03_tournament_k3,200,0.9,0.03,tournament_k3,6,15590.0,15590,14239,198
pop200_pc0.9_pm0.03_tournament_k3,200,0.9,0.03,tournament_k3,7,15491.0,15491,14212,106
pop200_pc0.9_pm0.03_tournament_k3,200,0.9,0.03,tournament_k3,8,15519.0,15519,14226,81
pop200_pc0.9_pm0.03_tournament_k3,200,0.9,0.03,tournament_k3,9,15585.0,15585,14227,136
pop200_pc0.9_pm0.03_tournament_k3,200,0.9,0.03,tournament_k3,10,15626.0,15626,14214,179
pop200_pc0.9_pm0.03_tournament_k3,200,0.9,0.03,tournament_k3,11,15689.0,15689,14235,205
pop200_pc0.9_pm0.03_tournament_k3,200,0.9,0.03,tournament_k3,12,15559.0,15559,14238,153
pop200_pc0.9_pm0.03_tournament_k3,200,0.9,0.03,tournament_k3,13,15466.0,15466,14230,96
pop200_pc0.9_pm0.03_tournament_k3,200,0.9,0.03,tournament_k3,14,15525.0,15525,14205,113
pop200_pc0.9_pm0.03_tournament_k3,200,0.9,0.03,tournament_k3,15,15564.0,15564,14128,201
pop200_pc0.9_pm0.03_tournament_k3,200,0.9,0.03,tournament_k3,16,15560.0,15560,14237,149
pop200_pc0.9_pm0.03_tournament_k3,200,0.9,0.03,tournament_k3,17,15646.0,15646,14190,158
pop200_pc0.9_pm0.03_tournament_k3,200,0.9,0.03,tournament_k3,18,15568.0,15568,14237,70
pop200_pc0.9_pm0.03_tournament_k3,200,0.9,0.03,tournament_k3,19,15641.0,15641,14226,202
pop200_pc0.9_pm0.03_tournament_k3,200,0.9,0.03,tournament_k3,20,15629.0,15629,14224,212
pop200_pc0.9_pm0.03_tournament_k3,200,0.9,0.03,tournament_k3,21,15517.0,15517,14210,90
pop200_pc0.9_pm0.03_tournament_k3,200,0.9,0.03,tournament_k3,22,15741.0,15741,14239,238
pop200_pc0.9_pm0.03_tournament_k3,200,0.9,0.03,tournament_k3,23,15602.0,15602,14226,144
pop200_pc0.9_pm0.03_tournament_k3,200,0.9,0.03,tournament_k3,24,15422.0,15422,14221,66
pop200_pc0.9_pm0.03_tournament_k3,200,0.9,0.03,tournament_k3,25,15633.0,15633,14191,140
pop200_pc0.9_pm0.03_tournament_k3,200,0.9,0.03,tournament_k3,26,15646.0,15646,14226,214
pop200_pc0.9_pm0.03_tournament_k3,200,0.9,0.03,tournament_k3,27,15606.0,15606,14214,144
pop200_pc0.9_pm0.03_tournament_k3,200,0.9,0.03,tournament_k3,28,15624.0,15624,14220,151
pop200_pc0.9_pm0.03_tournament_k3,200,0.9,0.03,tournament_k3,29,15571.0,15571,14236,198
pop200_pc0.9_pm0.03_tournament_k3,200,0.9,0.03,tournament_k3,30,15693.0,15693,14221,234
pop200_pc0.9_pm0.05_tournament_k3,200,0.9,0.05,tournament_k3,1,15338.0,15338,14227,85
pop200_pc0.9_pm0.05_tournament_k3,200,0.9,0.05,tournament_k3,2,15418.0,15418,14222,122
pop200_pc0.9_pm0.05_tournament_k3,200,0.9,0.05,tournament_k3,3,15384.0,15384,14224,82
pop200_pc0.9_pm0.05_tournament_k3,200,0.9,0.05,tournament_k3,4,15447.0,15447,14224,116
pop200_pc0.9_pm0.05_tournament_k3,200,0.9,0.05,tournament_k3,5,15541.0,15541,14232,172
pop200_pc0.9_pm0.05_tournament_k3,200,0.9,0.05,tournament_k3,6,15606.0,15606,14237,163
pop200_pc0.9_pm0.05_tournament_k3,200,0.9,0.05,tournament_k3,7,15514.0,15514,14236,92
pop200_pc0.9_pm0.05_tournament_k3,200,0.9,0.05,tournament_k3,8,15443.0,15443,14195,92
pop200_pc0.9_pm0.05_tournament_k3,200,0.9,0.05,tournament_k3,9,15464.0,15464,14221,85
pop200_pc0.9_pm0.05_tournament_k3,200,0.9,0.05,tournament_k3,10,15398.0,15398,14235,194
pop200_pc0.9_pm0.05_tournament_k3,200,0.9,0.05,tournament_k3,11,15513.0,15513,14205,151
pop200_pc0.9_pm0.05_tournament_k3,200,0.9,0.05,tournament_k3,12,15362.0,15362,14163,97
pop200_pc0.9_pm0.05_tournament_k3,200,0.9,0.05,tournament_k3,13,15545.0,15545,14219,152
pop200_pc0.9_pm0.05_tournament_k3,200,0.9,0.05,tournament_k3,14,15444.0,15444,14221,75
pop200_pc0.9_pm0.05_tournament_k3,200,0.9,0.05,tournament_k3,15,15542.0,15542,14231,173
pop200_pc0.9_pm0.05_tournament_k3,200,0.9,0.05,tournament_k3,16,15279.0,15279,14231,65
pop200_pc0.9_pm0.05_tournament_k3,200,0.9,0.05,tournament_k3,17,15307.0,15307,14194,83
pop200_pc0.9_pm0.05_tournament_k3,200,0.9,0.05,tournament_k3,18,15470.0,15470,14200,122
pop200_pc0.9_pm0.05_tournament_k3,200,0.9,0.05,tournament_k3,19,15437.0,15437,14153,145
pop200_pc0.9_pm0.05_tournament_k3,200,0.9,0.05,tournament_k3,20,15451.0,15451,14177,142
pop200_pc0.9_pm0.05_tournament_k3,200,0.9,0.05,tournament_k3,21,15416.0,15416,14227,61
pop200_pc0.9_pm0.05_tournament_k3,200,0.9,0.05,tournament_k3,22,15365.0,15365,14238,77
pop200_pc0.9_pm0.05_tournament_k3,200,0.9,0.05,tournament_k3,23,15397.0,15397,14220,117
pop200_pc0.9_pm0.05_tournament_k3,200,0.9,0.05,tournament_k3,24,15429.0,15429,14212,65
pop200_pc0.9_pm0.05_tournament_k3,200,0.9,0.05,tournament_k3,25,15520.0,15520,14194,107
pop200_pc0.9_pm0.05_tournament_k3,200,0.9,0.05,tournament_k3,26,15421.0,15421,14224,98
pop200_pc0.9_pm0.05_tournament_k3,200,0.9,0.05,tournament_k3,27,15493.0,15493,14227,115
pop200_pc0.9_pm0.05_tournament_k3,200,0.9,0.05,tournament_k3,28,15514.0,15514,14209,59
pop200_pc0.9_pm0.05_tournament_k3,200,0.9,0.05,tournament_k3,29,15534.0,15534,14230,119
pop200_pc0.9_pm0.05_tournament_k3,200,0.9,0.05,tournament_k3,30,15456.0,15456,14127,178
pop50_pc0.6_pm0.01_roulette,50,0.6,0.01,roulette,1,15252.0,15252,14189,122
pop50_pc0.6_pm0.01_roulette,50,0.6,0.01,roulette,2,15317.0,15317,14180,189
pop50_pc0.6_pm0.01_roulette,50,0.6,0.01,roulette,3,15058.0,15058,14229,81
pop50_pc0.6_pm0.01_roulette,50,0.6,0.01,roulette,4,15028.0,15028,14239,55
pop50_pc0.6_pm0.01_roulette,50,0.6,0.01,roulette,5,15384.0,15384,14181,210
pop50_pc0.6_pm0.01_roulette,50,0.6,0.01,roulette,6,15448.0,15448,14217,114
pop50_pc0.6_pm0.01_roulette,50,0.6,0.01,roulette,7,14991.0,14991,14192,54
pop50_pc0.6_pm0.01_roulette,50,0.6,0.01,roulette,8,15534.0,15534,14194,231
pop50_pc0.6_pm0.01_roulette,50,0.6,0.01,roulette,9,15163.0,15163,14206,150
pop50_pc0.6_pm0.01_roulette,50,0.6,0.01,roulette,10,15302.0,15302,14214,150
pop50_pc0.6_pm0.01_roulette,50,0.6,0.01,roulette,11,15464.0,15464,14228,234
pop50_pc0.6_pm0.01_roulette,50,0.6,0.01,roulette,12,14960.0,14960,14230,55
pop50_pc0.6_pm0.01_roulette,50,0.6,0.01,roulette,13,15591.0,15591,14226,203
pop50_pc0.6_pm0.01_roulette,50,0.6,0.01,roulette,14,15273.0,15273,14211,100
pop50_pc0.6_pm0.01_roulette,50,0.6,0.01,roulette,15,15268.0,15268,14176,182
pop50_pc0.6_pm0.01_roulette,50,0.6,0.01,roulette,16,15253.0,15253,14199,154
pop50_pc0.6_pm0.01_roulette,50,0.6,0.01,roulette,17,15013.0,15013,14165,84
pop50_pc0.6_pm0.01_roulette,50,0.6,0.01,roulette,18,15249.0,15249,14232,93
pop50_pc0.6_pm0.01_roulette,50,0.6,0.01,roulette,19,15252.0,15252,14208,104
pop50_pc0.6_pm0.01_roulette,50,0.6,0.01,roulette,20,15376.0,15376,14239,117
pop50_pc0.6_pm0.01_roulette,50,0.6,0.01,roulette,21,15373.0,15373,14149,145
pop50_pc0.6_pm0.01_roulette,50,0.6,0.01,roulette,22,15423.0,15423,14235,158
pop50_pc0.6_pm0.01_roulette,50,0.6,0.01,roulette,23,15247.0,15247,14238,107
pop50_pc0.6_pm0.01_roulette,50,0.6,0.01,roulette,24,15251.0,15251,14234,72
pop50_pc0.6_pm0.01_roulette,50,0.6,0.01,roulette,25,15285.0,15285,14233,79
pop50_pc0.6_pm0.01_roulette,50,0.6,0.01,roulette,26,15425.0,15425,14204,138
pop50_pc0.6_pm0.01_roulette,50,0.6,0.01,roulette,27,15210.0,15210,14169,152
pop50_pc0.6_pm0.01_roulette,50,0.6,0.01,roulette,28,15276.0,15276,14188,115
pop50_pc0.6_pm0.01_roulette,50,0.6,0.01,roulette,29,15396.0,15396,14238,298
pop50_pc0.6_pm0.01_roulette,50,0.6,0.01,roulette,30,15409.0,15409,14163,238
pop50_pc0.6_pm0.03_roulette,50,0.6,0.03,roulette,1,15347.0,15347,14235,115
pop50_pc0.6_pm0.03_roulette,50,0.6,0.03,roulette,2,15249.0,15249,14233,115
pop50_pc0.6_pm0.03_roulette,50,0.6,0.03,roulette,3,15316.0,15316,14234,54
pop50_pc0.6_pm0.03_roulette,50,0.6,0.03,roulette,4,15340.0,15340,14229,274
pop50_pc0.6_pm0.03_roulette,50,0.6,0.03,roulette,5,15181.0,15181,14228,55
pop50_pc0.6_pm0.03_roulette,50,0.6,0.03,roulette,6,15334.0,15334,14234,95
pop50_pc0.6_pm0.03_roulette,50,0.6,0.03,roulette,7,15186.0,15186,14185,149
pop50_pc0.6_pm0.03_roulette,50,0.6,0.03,roulette,8,15116.0,15116,14177,63
pop50_pc0.6_pm0.03_roulette,50,0.6,0.03,roulette,9,15322.0,15322,14230,91
pop50_pc0.6_pm0.03_roulette,50,0.6,0.03,roulette,10,15434.0,15434,14237,144
pop50_pc0.6_pm0.03_roulette,50,0.6,0.03,roulette,11,15497.0,15497,14206,135
pop50_pc0.6_pm0.03_roulette,50,0.6,0.03,roulette,12,15180.0,15180,14203,117
pop50_pc0.6_pm0.03_roulette,50,0.6,0.03,roulette,13,15245.0,15245,14237,53
pop50_pc0.6_pm0.03_roulette,50,0.6,0.03,roulette,14,15143.0,15143,14230,60
pop50_pc0.6_pm0.03_roulette,50,0.6,0.03,roulette,15,15100.0,15100,14201,61
pop50_pc0.6_pm0.03_roulette,50,0.6,0.03,roulette,16,15277.0,15277,14203,83
pop50_pc0.6_pm0.03_roulette,50,0.6,0.03,roulette,17,15333.0,15333,14196,234
pop50_pc0.6_pm0.03_roulette,50,0.6,0.03,roulette,18,15249.0,15249,14216,167
pop50_pc0.6_pm0.03_roulette,50,0.6,0.03,roulette,19,15378.0,15378,14218,75
pop50_pc0.6_pm0.03_roulette,50,0.6,0.03,roulette,20,15209.0,15209,14234,91
pop50_pc0.6_pm0.03_roulette,50,0.6,0.03,roulette,21,15290.0,15290,14235,122
pop50_pc0.6_pm0.03_roulette,50,0.6,0.03,roulette,22,15133.0,15133,14229,57
pop50_pc0.6_pm0.03_roulette,50,0.6,0.03,roulette,23,15233.0,15233,14112,115
pop50_pc0.6_pm0.03_roulette,50,0.6,0.03,roulette,24,15316.0,15316,14206,134
pop50_pc0.6_pm0.03_roulette,50,0.6,0.03,roulette,25,15374.0,15374,14237,116
pop50_pc0.6_pm0.03_roulette,50,0.6,0.03,roulette,26,15111.0,15111,14186,87
pop50_pc0.6_pm0.03_roulette,50,0.6,0.03,roulette,27,15025.0,15025,14217,55
pop50_pc0.6_pm0.03_roulette,50,0.6,0.03,roulette,28,15350.0,15350,14220,184
pop50_pc0.6_pm0.03_roulette,50,0.6,0.03,roulette,29,15287.0,15287,14239,107
pop50_pc0.6_pm0.03_roulette,50,0.6,0.03,roulette,30,15182.0,15182,14205,54
pop50_pc0.6_pm0.05_roulette,50,0.6,0.05,roulette,1,15204.0,15204,14188,187
pop50_pc0.6_pm0.05_roulette,50,0.6,0.05,roulette,2,15299.0,15299,14213,127
pop50_pc0.6_pm0.05_roulette,50,0.6,0.05,roulette,3,15244.0,15244,14232,155
pop50_pc0.6_pm0.05_roulette,50,0.6,0.05,roulette,4,15486.0,15486,14231,213
pop50_pc0.6_pm0.05_roulette,50,0.6,0.05,roulette,5,15161.0,15161,14133,85
pop50_pc0.6_pm0.05_roulette,50,0.6,0.05,roulette,6,15189.0,15189,14234,85
pop50_pc0.6_pm0.05_roulette,50,0.6,0.05,roulette,7,15063.0,15063,14230,73
pop50_pc0.6_pm0.05_roulette,50,0.6,0.05,roulette,8,15229.0,15229,14229,184
pop50_pc0.6_pm0.05_roulette,50,0.6,0.05,roulette,9,15205.0,15205,14220,97
pop50_pc0.6_pm0.05_roulette,50,0.6,0.05,roulette,10,15304.0,15304,14217,133
pop50_pc0.6_pm0.05_roulette,50,0.6,0.05,roulette,11,15192.0,15192,14230,102
pop50_pc0.6_pm0.05_roulette,50,0.6,0.05,roulette,12,15182.0,15182,14234,52
pop50_pc0.6_pm0.05_roulette,50,0.6,0.05,roulette,13,15220.0,15220,14226,108
pop50_pc0.6_pm0.05_roulette,50,0.6,0.05,roulette,14,15432.0,15432,14182,113
pop50_pc0.6_pm0.05_roulette,50,0.6,0.05,roulette,15,15249.0,15249,14188,228
pop50_pc0.6_pm0.05_roulette,50,0.6,0.05,roulette,16,15159.0,15159,14224,89
pop50_pc0.6_pm0.05_roulette,50,0.6,0.05,roulette,17,15201.0,15201,14225,127
pop50_pc0.6_pm0.05_roulette,50,0.6,0.05,roulette,18,15131.0,15131,14072,53
pop50_pc0.6_pm0.05_roulette,50,0.6,0.05,roulette,19,15311.0,15311,14117,167
pop50_pc0.6_pm0.05_roulette,50,0.6,0.05,roulette,20,15388.0,15388,14219,163
pop50_pc0.6_pm0.05_roulette,50,0.6,0.05,roulette,21,15302.0,15302,14226,149
pop50_pc0.6_pm0.05_roulette,50,0.6,0.05,roulette,22,15270.0,15270,14222,69
pop50_pc0.6_pm0.05_roulette,50,0.6,0.05,roulette,23,15207.0,15207,14210,109
pop50_pc0.6_pm0.05_roulette,50,0.6,0.05,roulette,24,15460.0,15460,14172,144
pop50_pc0.6_pm0.05_roulette,50,0.6,0.05,roulette,25,15225.0,15225,14218,91
pop50_pc0.6_pm0.05_roulette,50,0.6,0.05,roulette,26,15195.0,15195,14193,107
pop50_pc0.6_pm0.05_roulette,50,0.6,0.05,roulette,27,15155.0,15155,14158,56
pop50_pc0.6_pm0.05_roulette,50,0.6,0.05,roulette,28,15252.0,15252,14234,107
pop50_pc0.6_pm0.05_roulette,50,0.6,0.05,roulette,29,15355.0,15355,14207,159
pop50_pc0.6_pm0.05_roulette,50,0.6,0.05,roulette,30,15382.0,15382,14233,72
pop50_pc0.8_pm0.01_roulette,50,0.8,0.01,roulette,1,15291.0,15291,14227,179
pop50_pc0.8_pm0.01_roulette,50,0.8,0.01,roulette,2,15330.0,15330,14236,105
pop50_pc0.8_pm0.01_roulette,50,0.8,0.01,roulette,3,15166.0,15166,14233,84
pop50_pc0.8_pm0.01_roulette,50,0.8,0.01,roulette,4,15374.0,15374,14211,130
pop50_pc0.8_pm0.01_roulette,50,0.8,0.01,roulette,5,15261.0,15261,14235,104
pop50_pc0.8_pm0.01_roulette,50,0.8,0.01,roulette,6,15159.0,15159,14216,72
pop50_pc0.8_pm0.01_roulette,50,0.8,0.01,roulette,7,15241.0,15241,14214,141
pop50_pc0.8_pm0.01_roulette,50,0.8,0.01,roulette,8,15443.0,15443,14191,176
pop50_pc0.8_pm0.01_roulette,50,0.8,0.01,roulette,9,15367.0,15367,14207,205
pop50_pc0.8_pm0.01_roulette,50,0.8,0.01,roulette,10,15194.0,15194,14189,76
pop50_pc0.8_pm0.01_roulette,50,0.8,0.01,roulette,11,15491.0,15491,14182,115
pop50_pc0.8_pm0.01_roulette,50,0.8,0.01,roulette,12,15465.0,15465,14238,165
pop50_pc0.8_pm0.01_roulette,50,0.8,0.01,roulette,13,15174.0,15174,14188,63
pop50_pc0.8_pm0.01_roulette,50,0.8,0.01,roulette,14,15281.0,15281,14226,92
pop50_pc0.8_pm0.01_roulette,50,0.8,0.01,roulette,15,15362.0,15362,14232,105
pop50_pc0.8_pm0.01_roulette,50,0.8,0.01,roulette,16,15211.0,15211,14226,128
pop50_pc0.8_pm0.01_roulette,50,0.8,0.01,roulette,17,15333.0,15333,14228,136
pop50_pc0.8_pm0.01_roulette,50,0.8,0.01,roulette,18,15211.0,15211,14112,97
pop50_pc0.8_pm0.01_roulette,50,0.8,0.01,roulette,19,15405.0,15405,14237,131
pop50_pc0.8_pm0.01_roulette,50,0.8,0.01,roulette,20,15353.0,15353,14146,72
pop50_pc0.8_pm0.01_roulette,50,0.8,0.01,roulette,21,15274.0,15274,14190,78
pop50_pc0.8_pm0.01_roulette,50,0.8,0.01,roulette,22,15150.0,15150,14214,55
pop50_pc0.8_pm0.01_roulette,50,0.8,0.01,roulette,23,15310.0,15310,14221,115
pop50_pc0.8_pm0.01_roulette,50,0.8,0.01,roulette,24,15412.0,15412,14232,131
pop50_pc0.8_pm0.01_roulette,50,0.8,0.01,roulette,25,15216.0,15216,14169,98
pop50_pc0.8_pm0.01_roulette,50,0.8,0.01,roulette,26,15282.0,15282,14228,121
pop50_pc0.8_pm0.01_roulette,50,0.8,0.01,roulette,27,15452.0,15452,14237,215
pop50_pc0.8_pm0.01_roulette,50,0.8,0.01,roulette,28,15279.0,15279,14234,80
pop50_pc0.8_pm0.01_roulette,50,0.8,0.01,roulette,29,15067.0,15067,14176,114
pop50_pc0.8_pm0.01_roulette,50,0.8,0.01,roulette,30,15171.0,15171,14198,61
pop50_pc0.8_pm0.03_roulette,50,0.8,0.03,roulette,1,15205.0,15205,14219,114
pop50_pc0.8_pm0.03_roulette,50,0.8,0.03,roulette,2,15307.0,15307,14198,144
pop50_pc0.8_pm0.03_roulette,50,0.8,0.03,roulette,3,15105.0,15105,14083,79
pop50_pc0.8_pm0.03_roulette,50,0.8,0.03,roulette,4,15144.0,15144,14229,96
pop50_pc0.8_pm0.03_roulette,50,0.8,0.03,roulette,5,15429.0,15429,14237,131
pop50_pc0.8_pm0.03_roulette,50,0.8,0.03,roulette,6,15306.0,15306,14210,205
pop50_pc0.8_pm0.03_roulette,50,0.8,0.03,roulette,7,15264.0,15264,14176,148
pop50_pc0.8_pm0.03_roulette,50,0.8,0.03,roulette,8,15315.0,15315,14210,141
pop50_pc0.8_pm0.03_roulette,50,0.8,0.03,roulette,9,15239.0,15239,14191,124
pop50_pc0.8_pm0.03_roulette,50,0.8,0.03,roulette,10,15303.0,15303,14178,115
pop50_pc0.8_pm0.03_roulette,50,0.8,0.03,roulette,11,15224.0,15224,14178,118
pop50_pc0.8_pm0.03_roulette,50,0.8,0.03,roulette,12,15206.0,15206,14147,51
pop50_pc0.8_pm0.03_roulette,50,0.8,0.03,roulette,13,15266.0,15266,14226,122
pop50_pc0.8_pm0.03_roulette,50,0.8,0.03,roulette,14,15214.0,15214,14175,73
pop50_pc0.8_pm0.03_roulette,50,0.8,0.03,roulette,15,15437.0,15437,14210,98
pop50_pc0.8_pm0.03_roulette,50,0.8,0.03,roulette,16,15236.0,15236,14169,143
pop50_pc0.8_pm0.03_roulette,50,0.8,0.03,roulette,17,15204.0,15204,14212,60
pop50_pc0.8_pm0.03_roulette,50,0.8,0.03,roulette,18,15204.0,15204,14238,52
pop50_pc0.8_pm0.03_roulette,50,0.8,0.03,roulette,19,15414.0,15414,14216,194
pop50_pc0.8_pm0.03_roulette,50,0.8,0.03,roulette,20,15152.0,15152,14190,62
pop50_pc0.8_pm0.03_roulette,50,0.8,0.03,roulette,21,15051.0,15051,14196,89
pop50_pc0.8_pm0.03_roulette,50,0.8,0.03,roulette,22,15152.0,15152,14213,70
pop50_pc0.8_pm0.03_roulette,50,0.8,0.03,roulette,23,15215.0,15215,14193,61
pop50_pc0.8_pm0.03_roulette,50,0.8,0.03,roulette,24,15216.0,15216,14229,158
pop50_pc0.8_pm0.03_roulette,50,0.8,0.03,roulette,25,15528.0,15528,14234,158
pop50_pc0.8_pm0.03_roulette,50,0.8,0.03,roulette,26,15251.0,15251,14230,170
pop50_pc0.8_pm0.03_roulette,50,0.8,0.03,roulette,27,15008.0,15008,14222,78
pop50_pc0.8_pm0.03_roulette,50,0.8,0.03,roulette,28,15170.0,15170,14234,144
pop50_pc0.8_pm0.03_roulette,50,0.8,0.03,roulette,29,15136.0,15136,14197,131
pop50_pc0.8_pm0.03_roulette,50,0.8,0.03,roulette,30,15053.0,15053,14227,52
pop50_pc0.8_pm0.05_roulette,50,0.8,0.05,roulette,1,15362.0,15362,14182,207
pop50_pc0.8_pm0.05_roulette,50,0.8,0.05,roulette,2,15226.0,15226,14201,82
pop50_pc0.8_pm0.05_roulette,50,0.8,0.05,roulette,3,15239.0,15239,14166,72
pop50_pc0.8_pm0.05_roulette,50,0.8,0.05,roulette,4,15283.0,15283,14187,66
pop50_pc0.8_pm0.05_roulette,50,0.8,0.05,roulette,5,15174.0,15174,14205,144
pop50_pc0.8_pm0.05_roulette,50,0.8,0.05,roulette,6,15237.0,15237,14199,71
pop50_pc0.8_pm0.05_roulette,50,0.8,0.05,roulette,7,15270.0,15270,14219,71
pop50_pc0.8_pm0.05_roulette,50,0.8,0.05,roulette,8,15245.0,15245,14235,105
pop50_pc0.8_pm0.05_roulette,50,0.8,0.05,roulette,9,15239.0,15239,14152,132
pop50_pc0.8_pm0.05_roulette,50,0.8,0.05,roulette,10,15222.0,15222,14219,119
pop50_pc0.8_pm0.05_roulette,50,0.8,0.05,roulette,11,15128.0,15128,14208,80
pop50_pc0.8_pm0.05_roulette,50,0.8,0.05,roulette,12,15397.0,15397,14204,178
pop50_pc0.8_pm0.05_roulette,50,0.8,0.05,roulette,13,15245.0,15245,14229,141
pop50_pc0.8_pm0.05_roulette,50,0.8,0.05,roulette,14,15197.0,15197,14234,74
pop50_pc0.8_pm0.05_roulette,50,0.8,0.05,roulette,15,15154.0,15154,14120,66
pop50_pc0.8_pm0.05_roulette,50,0.8,0.05,roulette,16,15301.0,15301,14220,224
pop50_pc0.8_pm0.05_roulette,50,0.8,0.05,roulette,17,15267.0,15267,14218,114
pop50_pc0.8_pm0.05_roulette,50,0.8,0.05,roulette,18,15125.0,15125,14171,51
pop50_pc0.8_pm0.05_roulette,50,0.8,0.05,roulette,19,15382.0,15382,14197,110
pop50_pc0.8_pm0.05_roulette,50,0.8,0.05,roulette,20,15327.0,15327,14220,123
pop50_pc0.8_pm0.05_roulette,50,0.8,0.05,roulette,21,15159.0,15159,14183,73
pop50_pc0.8_pm0.05_roulette,50,0.8,0.05,roulette,22,15289.0,15289,14162,123
pop50_pc0.8_pm0.05_roulette,50,0.8,0.05,roulette,23,15317.0,15317,14155,84
pop50_pc0.8_pm0.05_roulette,50,0.8,0.05,roulette,24,15000.0,15000,14089,77
pop50_pc0.8_pm0.05_roulette,50,0.8,0.05,roulette,25,15312.0,15312,14227,99
pop50_pc0.8_pm0.05_roulette,50,0.8,0.05,roulette,26,15190.0,15190,14161,97
pop50_pc0.8_pm0.05_roulette,50,0.8,0.05,roulette,27,15158.0,15158,14195,106
pop50_pc0.8_pm0.05_roulette,50,0.8,0.05,roulette,28,15128.0,15128,14214,156
pop50_pc0.8_pm0.05_roulette,50,0.8,0.05,roulette,29,15169.0,15169,14229,94
pop50_pc0.8_pm0.05_roulette,50,0.8,0.05,roulette,30,15168.0,15168,14045,75
pop50_pc0.9_pm0.01_roulette,50,0.9,0.01,roulette,1,15183.0,15183,14112,80
pop50_pc0.9_pm0.01_roulette,50,0.9,0.01,roulette,2,15302.0,15302,14221,141
pop50_pc0.9_pm0.01_roulette,50,0.9,0.01,roulette,3,15402.0,15402,14148,187
pop50_pc0.9_pm0.01_roulette,50,0.9,0.01,roulette,4,15490.0,15490,14225,88
pop50_pc0.9_pm0.01_roulette,50,0.9,0.01,roulette,5,15098.0,15098,14217,67
pop50_pc0.9_pm0.01_roulette,50,0.9,0.01,roulette,6,15261.0,15261,14229,197
pop50_pc0.9_pm0.01_roulette,50,0.9,0.01,roulette,7,15314.0,15314,14211,105
pop50_pc0.9_pm0.01_roulette,50,0.9,0.01,roulette,8,15393.0,15393,14203,118
pop50_pc0.9_pm0.01_roulette,50,0.9,0.01,roulette,9,15246.0,15246,14149,144
pop50_pc0.9_pm0.01_roulette,50,0.9,0.01,roulette,10,15340.0,15340,14215,111
pop50_pc0.9_pm0.01_roulette,50,0.9,0.01,roulette,11,15360.0,15360,14205,122
pop50_pc0.9_pm0.01_roulette,50,0.9,0.01,roulette,12,15071.0,15071,14234,56
pop50_pc0.9_pm0.01_roulette,50,0.9,0.01,roulette,13,15208.0,15208,14214,94
pop50_pc0.9_pm0.01_roulette,50,0.9,0.01,roulette,14,15412.0,15412,14200,110
pop50_pc0.9_pm0.01_roulette,50,0.9,0.01,roulette,15,15340.0,15340,14203,172
pop50_pc0.9_pm0.01_roulette,50,0.9,0.01,roulette,16,15160.0,15160,14124,78
pop50_pc0.9_pm0.01_roulette,50,0.9,0.01,roulette,17,15220.0,15220,14227,102
pop50_pc0.9_pm0.01_roulette,50,0.9,0.01,roulette,18,15235.0,15235,14218,116
pop50_pc0.9_pm0.01_roulette,50,0.9,0.01,roulette,19,15353.0,15353,14155,148
pop50_pc0.9_pm0.01_roulette,50,0.9,0.01,roulette,20,15296.0,15296,14180,113
pop50_pc0.9_pm0.01_roulette,50,0.9,0.01,roulette,21,15314.0,15314,14236,103
pop50_pc0.9_pm0.01_roulette,50,0.9,0.01,roulette,22,15251.0,15251,14232,102
pop50_pc0.9_pm0.01_roulette,50,0.9,0.01,roulette,23,15258.0,15258,14134,113
pop50_pc0.9_pm0.01_roulette,50,0.9,0.01,roulette,24,15411.0,15411,14236,220
pop50_pc0.9_pm0.01_roulette,50,0.9,0.01,roulette,25,15416.0,15416,14235,207
pop50_pc0.9_pm0.01_roulette,50,0.9,0.01,roulette,26,15289.0,15289,14191,125
pop50_pc0.9_pm0.01_roulette,50,0.9,0.01,roulette,27,15361.0,15361,14217,210
pop50_pc0.9_pm0.01_roulette,50,0.9,0.01,roulette,28,15112.0,15112,14200,53
pop50_pc0.9_pm0.01_roulette,50,0.9,0.01,roulette,29,15483.0,15483,14183,230
pop50_pc0.9_pm0.01_roulette,50,0.9,0.01,roulette,30,15374.0,15374,14235,96
pop50_pc0.9_pm0.03_roulette,50,0.9,0.03,roulette,1,15286.0,15286,14218,91
pop50_pc0.9_pm0.03_roulette,50,0.9,0.03,roulette,2,15420.0,15420,14228,186
pop50_pc0.9_pm0.03_roulette,50,0.9,0.03,roulette,3,15097.0,15097,14148,71
pop50_pc0.9_pm0.03_roulette,50,0.9,0.03,roulette,4,15225.0,15225,14208,134
pop50_pc0.9_pm0.03_roulette,50,0.9,0.03,roulette,5,15303.0,15303,14239,80
pop50_pc0.9_pm0.03_roulette,50,0.9,0.03,roulette,6,15311.0,15311,14219,140
pop50_pc0.9_pm0.03_roulette,50,0.9,0.03,roulette,7,15428.0,15428,14201,287
pop50_pc0.9_pm0.03_roulette,50,0.9,0.03,roulette,8,15263.0,15263,14213,82
pop50_pc0.9_pm0.03_roulette,50,0.9,0.03,roulette,9,15228.0,15228,14233,98
pop50_pc0.9_pm0.03_roulette,50,0.9,0.03,roulette,10,15231.0,15231,14190,164
pop50_pc0.9_pm0.03_roulette,50,0.9,0.03,roulette,11,15496.0,15496,14230,181
pop50_pc0.9_pm0.03_roulette,50,0.9,0.03,roulette,12,15317.0,15317,14198,232
pop50_pc0.9_pm0.03_roulette,50,0.9,0.03,roulette,13,15292.0,15292,14168,99
pop50_pc0.9_pm0.03_roulette,50,0.9,0.03,roulette,14,15311.0,15311,14219,134
pop50_pc0.9_pm0.03_roulette,50,0.9,0.03,roulette,15,15262.0,15262,14224,97
pop50_pc0.9_pm0.03_roulette,50,0.9,0.03,roulette,16,15350.0,15350,14232,105
pop50_pc0.9_pm0.03_roulette,50,0.9,0.03,roulette,17,15340.0,15340,14234,133
pop50_pc0.9_pm0.03_roulette,50,0.9,0.03,roulette,18,15470.0,15470,14208,160
pop50_pc0.9_pm0.03_roulette,50,0.9,0.03,roulette,19,15212.0,15212,14144,73
pop50_pc0.9_pm0.03_roulette,50,0.9,0.03,roulette,20,15303.0,15303,14232,71
pop50_pc0.9_pm0.03_roulette,50,0.9,0.03,roulette,21,15171.0,15171,14178,74
pop50_pc0.9_pm0.03_roulette,50,0.9,0.03,roulette,22,15479.0,15479,14234,72
pop50_pc0.9_pm0.03_roulette,50,0.9,0.03,roulette,23,15264.0,15264,14230,158
pop50_pc0.9_pm0.03_roulette,50,0.9,0.03,roulette,24,15119.0,15119,14212,59
pop50_pc0.9_pm0.03_roulette,50,0.9,0.03,roulette,25,15062.0,15062,14139,66
pop50_pc0.9_pm0.03_roulette,50,0.9,0.03,roulette,26,15321.0,15321,14192,125
pop50_pc0.9_pm0.03_roulette,50,0.9,0.03,roulette,27,15193.0,15193,14235,131
pop50_pc0.9_pm0.03_roulette,50,0.9,0.03,roulette,28,14991.0,14991,14229,64
pop50_pc0.9_pm0.03_roulette,50,0.9,0.03,roulette,29,15083.0,15083,14210,50
pop50_pc0.9_pm0.03_roulette,50,0.9,0.03,roulette,30,15260.0,15260,14227,83
pop50_pc0.9_pm0.05_roulette,50,0.9,0.05,roulette,1,15308.0,15308,14219,203
pop50_pc0.9_pm0.05_roulette,50,0.9,0.05,roulette,2,15169.0,15169,14174,87
pop50_pc0.9_pm0.05_roulette,50,0.9,0.05,roulette,3,15189.0,15189,14182,136
pop50_pc0.9_pm0.05_roulette,50,0.9,0.05,roulette,4,15124.0,15124,14228,69
pop50_pc0.9_pm0.05_roulette,50,0.9,0.05,roulette,5,15248.0,15248,14194,89
pop50_pc0.9_pm0.05_roulette,50,0.9,0.05,roulette,6,15389.0,15389,14211,143
pop50_pc0.9_pm0.05_roulette,50,0.9,0.05,roulette,7,15193.0,15193,14192,68
pop50_pc0.9_pm0.05_roulette,50,0.9,0.05,roulette,8,15294.0,15294,14206,86
pop50_pc0.9_pm0.05_roulette,50,0.9,0.05,roulette,9,15037.0,15037,14188,59
pop50_pc0.9_pm0.05_roulette,50,0.9,0.05,roulette,10,15268.0,15268,14186,61
pop50_pc0.9_pm0.05_roulette,50,0.9,0.05,roulette,11,15175.0,15175,14218,91
pop50_pc0.9_pm0.05_roulette,50,0.9,0.05,roulette,12,15251.0,15251,14238,66
pop50_pc0.9_pm0.05_roulette,50,0.9,0.05,roulette,13,15224.0,15224,14191,115
pop50_pc0.9_pm0.05_roulette,50,0.9,0.05,roulette,14,15263.0,15263,14192,85
pop50_pc0.9_pm0.05_roulette,50,0.9,0.05,roulette,15,15207.0,15207,14238,85
pop50_pc0.9_pm0.05_roulette,50,0.9,0.05,roulette,16,15183.0,15183,14232,132
pop50_pc0.9_pm0.05_roulette,50,0.9,0.05,roulette,17,15260.0,15260,14178,68
pop50_pc0.9_pm0.05_roulette,50,0.9,0.05,roulette,18,15330.0,15330,14192,72
pop50_pc0.9_pm0.05_roulette,50,0.9,0.05,roulette,19,15272.0,15272,14214,99
pop50_pc0.9_pm0.05_roulette,50,0.9,0.05,roulette,20,15384.0,15384,14205,147
pop50_pc0.9_pm0.05_roulette,50,0.9,0.05,roulette,21,15316.0,15316,14228,124
pop50_pc0.9_pm0.05_roulette,50,0.9,0.05,roulette,22,15248.0,15248,14221,107
pop50_pc0.9_pm0.05_roulette,50,0.9,0.05,roulette,23,15046.0,15046,14194,50
pop50_pc0.9_pm0.05_roulette,50,0.9,0.05,roulette,24,15270.0,15270,14163,59
pop50_pc0.9_pm0.05_roulette,50,0.9,0.05,roulette,25,15308.0,15308,14217,78
pop50_pc0.9_pm0.05_roulette,50,0.9,0.05,roulette,26,15124.0,15124,14203,61
pop50_pc0.9_pm0.05_roulette,50,0.9,0.05,roulette,27,15298.0,15298,14236,138
pop50_pc0.9_pm0.05_roulette,50,0.9,0.05,roulette,28,15326.0,15326,14218,89
pop50_pc0.9_pm0.05_roulette,50,0.9,0.05,roulette,29,15366.0,15366,14236,154
pop50_pc0.9_pm0.05_roulette,50,0.9,0.05,roulette,30,15093.0,15093,14233,57
pop100_pc0.6_pm0.01_roulette,100,0.6,0.01,roulette,1,15311.0,15311,14212,81
pop100_pc0.6_pm0.01_roulette,100,0.6,0.01,roulette,2,15415.0,15415,14152,243
pop100_pc0.6_pm0.01_roulette,100,0.6,0.01,roulette,3,15409.0,15409,14198,84
pop100_pc0.6_pm0.01_roulette,100,0.6,0.01,roulette,4,15292.0,15292,14231,112
pop100_pc0.6_pm0.01_roulette,100,0.6,0.01,roulette,5,15259.0,15259,14211,79
pop100_pc0.6_pm0.01_roulette,100,0.6,0.01,roulette,6,15333.0,15333,14184,70
pop100_pc0.6_pm0.01_roulette,100,0.6,0.01,roulette,7,14972.0,14972,14185,50
pop100_pc0.6_pm0.01_roulette,100,0.6,0.01,roulette,8,15446.0,15446,14199,171
pop100_pc0.6_pm0.01_roulette,100,0.6,0.01,roulette,9,15275.0,15275,14235,203
pop100_pc0.6_pm0.01_roulette,100,0.6,0.01,roulette,10,15413.0,15413,14236,144
pop100_pc0.6_pm0.01_roulette,100,0.6,0.01,roulette,11,15273.0,15273,14218,53
pop100_pc0.6_pm0.01_roulette,100,0.6,0.01,roulette,12,15220.0,15220,14230,101
pop100_pc0.6_pm0.01_roulette,100,0.6,0.01,roulette,13,15137.0,15137,14234,71
pop100_pc0.6_pm0.01_roulette,100,0.6,0.01,roulette,14,15292.0,15292,14191,204
pop100_pc0.6_pm0.01_roulette,100,0.6,0.01,roulette,15,15104.0,15104,14176,56
pop100_pc0.6_pm0.01_roulette,100,0.6,0.01,roulette,16,15240.0,15240,14214,120
pop100_pc0.6_pm0.01_roulette,100,0.6,0.01,roulette,17,15299.0,15299,14230,142
pop100_pc0.6_pm0.01_roulette,100,0.6,0.01,roulette,18,15496.0,15496,14236,165
pop100_pc0.6_pm0.01_roulette,100,0.6,0.01,roulette,19,15269.0,15269,14233,110
pop100_pc0.6_pm0.01_roulette,100,0.6,0.01,roulette,20,15231.0,15231,14170,124
pop100_pc0.6_pm0.01_roulette,100,0.6,0.01,roulette,21,15121.0,15121,14209,57
pop100_pc0.6_pm0.01_roulette,100,0.6,0.01,roulette,22,15239.0,15239,14156,62
pop100_pc0.6_pm0.01_roulette,100,0.6,0.01,roulette,23,15321.0,15321,14137,111
pop100_pc0.6_pm0.01_roulette,100,0.6,0.01,roulette,24,15407.0,15407,14217,181
pop100_pc0.6_pm0.01_roulette,100,0.6,0.01,roulette,25,15186.0,15186,14210,59
pop100_pc0.6_pm0.01_roulette,100,0.6,0.01,roulette,26,15307.0,15307,14152,73
pop100_pc0.6_pm0.01_roulette,100,0.6,0.01,roulette,27,15290.0,15290,14206,156
pop100_pc0.6_pm0.01_roulette,100,0.6,0.01,roulette,28,15221.0,15318,14240,91
pop100_pc0.6_pm0.01_roulette,100,0.6,0.01,roulette,29,15429.0,15429,14167,215
pop100_pc0.6_pm0.01_roulette,100,0.6,0.01,roulette,30,15102.0,15102,14211,62
pop100_pc0.6_pm0.03_roulette,100,0.6,0.03,roulette,1,15331.0,15331,14238,105
pop100_pc0.6_pm0.03_roulette,100,0.6,0.03,roulette,2,15301.0,15301,14232,108
pop100_pc0.6_pm0.03_roulette,100,0.6,0.03,roulette,3,15269.0,15269,14181,122
pop100_pc0.6_pm0.03_roulette,100,0.6,0.03,roulette,4,15206.0,15206,14173,59
pop100_pc0.6_pm0.03_roulette,100,0.6,0.03,roulette,5,15317.0,15317,14237,116
pop100_pc0.6_pm0.03_roulette,100,0.6,0.03,roulette,6,15268.0,15268,14227,89
pop100_pc0.6_pm0.03_roulette,100,0.6,0.03,roulette,7,15237.0,15237,14212,141
pop100_pc0.6_pm0.03_roulette,100,0.6,0.03,roulette,8,15240.0,15240,14187,62
pop100_pc0.6_pm0.03_roulette,100,0.6,0.03,roulette,9,15217.0,15217,14235,59
pop100_pc0.6_pm0.03_roulette,100,0.6,0.03,roulette,10,15079.0,15079,14192,50
pop100_pc0.6_pm0.03_roulette,100,0.6,0.03,roulette,11,15200.0,15200,14239,112
pop100_pc0.6_pm0.03_roulette,100,0.6,0.03,roulette,12,15335.0,15335,14207,102
pop100_pc0.6_pm0.03_roulette,100,0.6,0.03,roulette,13,15361.0,15361,14099,237
pop100_pc0.6_pm0.03_roulette,100,0.6,0.03,roulette,14,15177.0,15177,14221,88
pop100_pc0.6_pm0.03_roulette,100,0.6,0.03,roulette,15,15387.0,15387,14234,127
pop100_pc0.6_pm0.03_roulette,100,0.6,0.03,roulette,16,15210.0,15210,14239,64
pop100_pc0.6_pm0.03_roulette,100,0.6,0.03,roulette,17,15385.0,15385,14176,139
pop100_pc0.6_pm0.03_roulette,100,0.6,0.03,roulette,18,15257.0,15257,14230,90
pop100_pc0.6_pm0.03_roulette,100,0.6,0.03,roulette,19,15264.0,15264,14197,77
pop100_pc0.6_pm0.03_roulette,100,0.6,0.03,roulette,20,15188.0,15188,14237,113
pop100_pc0.6_pm0.03_roulette,100,0.6,0.03,roulette,21,15340.0,15340,14177,57
pop100_pc0.6_pm0.03_roulette,100,0.6,0.03,roulette,22,15202.0,15202,14100,74
pop100_pc0.6_pm0.03_roulette,100,0.6,0.03,roulette,23,15353.0,15353,14181,158
pop100_pc0.6_pm0.03_roulette,100,0.6,0.03,roulette,24,15091.0,15091,14223,57
pop100_pc0.6_pm0.03_roulette,100,0.6,0.03,roulette,25,15053.0,15053,14237,51
pop100_pc0.6_pm0.03_roulette,100,0.6,0.03,roulette,26,15364.0,15364,14209,157
pop100_pc0.6_pm0.03_roulette,100,0.6,0.03,roulette,27,15251.0,15251,14193,127
pop100_pc0.6_pm0.03_roulette,100,0.6,0.03,roulette,28,15332.0,15332,14228,135
pop100_pc0.6_pm0.03_roulette,100,0.6,0.03,roulette,29,15480.0,15480,14193,133
pop100_pc0.6_pm0.03_roulette,100,0.6,0.03,roulette,30,15242.0,15242,14165,79
pop100_pc0.6_pm0.05_roulette,100,0.6,0.05,roulette,1,15400.0,15400,14227,134
pop100_pc0.6_pm0.05_roulette,100,0.6,0.05,roulette,2,15192.0,15192,14150,52
pop100_pc0.6_pm0.05_roulette,100,0.6,0.05,roulette,3,15288.0,15288,14227,185
pop100_pc0.6_pm0.05_roulette,100,0.6,0.05,roulette,4,15407.0,15407,14213,74
pop100_pc0.6_pm0.05_roulette,100,0.6,0.05,roulette,5,15083.0,15083,14228,70
pop100_pc0.6_pm0.05_roulette,100,0.6,0.05,roulette,6,15308.0,15308,14198,80
pop100_pc0.6_pm0.05_roulette,100,0.6,0.05,roulette,7,15196.0,15196,14164,53
pop100_pc0.6_pm0.05_roulette,100,0.6,0.05,roulette,8,15112.0,15112,14221,110
pop100_pc0.6_pm0.05_roulette,100,0.6,0.05,roulette,9,15176.0,15176,14235,60
pop100_pc0.6_pm0.05_roulette,100,0.6,0.05,roulette,10,15108.0,15108,14145,74
pop100_pc0.6_pm0.05_roulette,100,0.6,0.05,roulette,11,15193.0,15193,14237,62
pop100_pc0.6_pm0.05_roulette,100,0.6,0.05,roulette,12,15141.0,15141,14178,86
pop100_pc0.6_pm0.05_roulette,100,0.6,0.05,roulette,13,15304.0,15304,14171,101
pop100_pc0.6_pm0.05_roulette,100,0.6,0.05,roulette,14,15252.0,15252,14190,64
pop100_pc0.6_pm0.05_roulette,100,0.6,0.05,roulette,15,15319.0,15319,14194,110
pop100_pc0.6_pm0.05_roulette,100,0.6,0.05,roulette,16,15189.0,15189,14114,133
pop100_pc0.6_pm0.05_roulette,100,0.6,0.05,roulette,17,15239.0,15239,14233,150
pop100_pc0.6_pm0.05_roulette,100,0.6,0.05,roulette,18,15282.0,15282,14151,70
pop100_pc0.6_pm0.05_roulette,100,0.6,0.05,roulette,19,15242.0,15242,14216,86
pop100_pc0.6_pm0.05_roulette,100,0.6,0.05,roulette,20,15270.0,15270,14214,67
pop100_pc0.6_pm0.05_roulette,100,0.6,0.05,roulette,21,15210.0,15210,14181,145
pop100_pc0.6_pm0.05_roulette,100,0.6,0.05,roulette,22,15201.0,15201,14236,123
pop100_pc0.6_pm0.05_roulette,100,0.6,0.05,roulette,23,15273.0,15273,14219,119
pop100_pc0.6_pm0.05_roulette,100,0.6,0.05,roulette,24,15287.0,15287,14210,155
pop100_pc0.6_pm0.05_roulette,100,0.6,0.05,roulette,25,15308.0,15308,14210,64
pop100_pc0.6_pm0.05_roulette,100,0.6,0.05,roulette,26,15119.0,15119,14226,105
pop100_pc0.6_pm0.05_roulette,100,0.6,0.05,roulette,27,15255.0,15255,14225,65
pop100_pc0.6_pm0.05_roulette,100,0.6,0.05,roulette,28,15342.0,15342,14220,79
pop100_pc0.6_pm0.05_roulette,100,0.6,0.05,roulette,29,15196.0,15196,14180,55
pop100_pc0.6_pm0.05_roulette,100,0.6,0.05,roulette,30,15063.0,15063,14215,65
pop100_pc0.8_pm0.01_roulette,100,0.8,0.01,roulette,1,15196.0,15196,14196,53
pop100_pc0.8_pm0.01_roulette,100,0.8,0.01,roulette,2,15280.0,15280,14233,127
pop100_pc0.8_pm0.01_roulette,100,0.8,0.01,roulette,3,15221.0,15221,14183,58
pop100_pc0.8_pm0.01_roulette,100,0.8,0.01,roulette,4,15219.0,15219,14222,119
pop100_pc0.8_pm0.01_roulette,100,0.8,0.01,roulette,5,15356.0,15356,14223,51
pop100_pc0.8_pm0.01_roulette,100,0.8,0.01,roulette,6,15231.0,15231,14169,126
pop100_pc0.8_pm0.01_roulette,100,0.8,0.01,roulette,7,15312.0,15312,14228,61
pop100_pc0.8_pm0.01_roulette,100,0.8,0.01,roulette,8,15270.0,15270,14230,251
pop100_pc0.8_pm0.01_roulette,100,0.8,0.01,roulette,9,15097.0,15097,14228,66
pop100_pc0.8_pm0.01_roulette,100,0.8,0.01,roulette,10,15257.0,15257,14159,51
pop100_pc0.8_pm0.01_roulette,100,0.8,0.01,roulette,11,15287.0,15287,14237,50
pop100_pc0.8_pm0.01_roulette,100,0.8,0.01,roulette,12,15369.0,15369,14199,185
pop100_pc0.8_pm0.01_roulette,100,0.8,0.01,roulette,13,15077.0,15077,14170,60
pop100_pc0.8_pm0.01_roulette,100,0.8,0.01,roulette,14,15363.0,15363,14213,131
pop100_pc0.8_pm0.01_roulette,100,0.8,0.01,roulette,15,15225.0,15225,14205,80
pop100_pc0.8_pm0.01_roulette,100,0.8,0.01,roulette,16,15633.0,15633,14219,75
pop100_pc0.8_pm0.01_roulette,100,0.8,0.01,roulette,17,15074.0,15074,14239,50
pop100_pc0.8_pm0.01_roulette,100,0.8,0.01,roulette,18,15261.0,15261,14196,100
pop100_pc0.8_pm0.01_roulette,100,0.8,0.01,roulette,19,15401.0,15401,14233,177
pop100_pc0.8_pm0.01_roulette,100,0.8,0.01,roulette,20,15209.0,15209,14170,58
pop100_pc0.8_pm0.01_roulette,100,0.8,0.01,roulette,21,15185.0,15185,14221,75
pop100_pc0.8_pm0.01_roulette,100,0.8,0.01,roulette,22,15427.0,15427,14200,141
pop100_pc0.8_pm0.01_roulette,100,0.8,0.01,roulette,23,15415.0,15415,14212,181
pop100_pc0.8_pm0.01_roulette,100,0.8,0.01,roulette,24,15159.0,15159,14116,90
pop100_pc0.8_pm0.01_roulette,100,0.8,0.01,roulette,25,15427.0,15427,14111,163
pop100_pc0.8_pm0.01_roulette,100,0.8,0.01,roulette,26,15105.0,15105,14219,62
pop100_pc0.8_pm0.01_roulette,100,0.8,0.01,roulette,27,15306.0,15306,14194,157
pop100_pc0.8_pm0.01_roulette,100,0.8,0.01,roulette,28,15412.0,15412,14218,129
pop100_pc0.8_pm0.01_roulette,100,0.8,0.01,roulette,29,15365.0,15365,14235,174
pop100_pc0.8_pm0.01_roulette,100,0.8,0.01,roulette,30,15333.0,15333,14216,68
pop100_pc0.8_pm0.03_roulette,100,0.8,0.03,roulette,1,15401.0,15401,14229,66
pop100_pc0.8_pm0.03_roulette,100,0.8,0.03,roulette,2,15316.0,15316,14201,69
pop100_pc0.8_pm0.03_roulette,100,0.8,0.03,roulette,3,15203.0,15203,14193,159
pop100_pc0.8_pm0.03_roulette,100,0.8,0.03,roulette,4,15343.0,15343,14216,147
pop100_pc0.8_pm0.03_roulette,100,0.8,0.03,roulette,5,15382.0,15382,14229,165
pop100_pc0.8_pm0.03_roulette,100,0.8,0.03,roulette,6,15280.0,15280,14234,91
pop100_pc0.8_pm0.03_roulette,100,0.8,0.03,roulette,7,15417.0,15417,14232,134
pop100_pc0.8_pm0.03_roulette,100,0.8,0.03,roulette,8,15297.0,15297,14217,146
pop100_pc0.8_pm0.03_roulette,100,0.8,0.03,roulette,9,15410.0,15410,14229,127
pop100_pc0.8_pm0.03_roulette,100,0.8,0.03,roulette,10,15169.0,15169,14213,130
pop100_pc0.8_pm0.03_roulette,100,0.8,0.03,roulette,11,15256.0,15256,14239,117
pop100_pc0.8_pm0.03_roulette,100,0.8,0.03,roulette,12,15300.0,15300,14183,121
pop100_pc0.8_pm0.03_roulette,100,0.8,0.03,roulette,13,15102.0,15102,14198,69
pop100_pc0.8_pm0.03_roulette,100,0.8,0.03,roulette,14,15403.0,15403,14207,79
pop100_pc0.8_pm0.03_roulette,100,0.8,0.03,roulette,15,15296.0,15296,14189,68
pop100_pc0.8_pm0.03_roulette,100,0.8,0.03,roulette,16,15301.0,15301,14194,75
pop100_pc0.8_pm0.03_roulette,100,0.8,0.03,roulette,17,15191.0,15191,14209,83
pop100_pc0.8_pm0.03_roulette,100,0.8,0.03,roulette,18,15397.0,15397,14226,169
pop100_pc0.8_pm0.03_roulette,100,0.8,0.03,roulette,19,15044.0,15044,14201,54
pop100_pc0.8_pm0.03_roulette,100,0.8,0.03,roulette,20,15180.0,15180,14231,156
pop100_pc0.8_pm0.03_roulette,100,0.8,0.03,roulette,21,15638.0,15638,14221,87
pop100_pc0.8_pm0.03_roulette,100,0.8,0.03,roulette,22,15287.0,15287,14234,91
pop100_pc0.8_pm0.03_roulette,100,0.8,0.03,roulette,23,15510.0,15510,14211,84
pop100_pc0.8_pm0.03_roulette,100,0.8,0.03,roulette,24,15341.0,15341,14174,130
pop100_pc0.8_pm0.03_roulette,100,0.8,0.03,roulette,25,15219.0,15219,14224,87
pop100_pc0.8_pm0.03_roulette,100,0.8,0.03,roulette,26,15125.0,15125,14239,150
pop100_pc0.8_pm0.03_roulette,100,0.8,0.03,roulette,27,15394.0,15394,14182,146
pop100_pc0.8_pm0.03_roulette,100,0.8,0.03,roulette,28,15087.0,15087,14224,61
pop100_pc0.8_pm0.03_roulette,100,0.8,0.03,roulette,29,15301.0,15301,14108,147
pop100_pc0.8_pm0.03_roulette,100,0.8,0.03,roulette,30,15210.0,15210,14173,73
pop100_pc0.8_pm0.05_roulette,100,0.8,0.05,roulette,1,15411.0,15411,14239,107
pop100_pc0.8_pm0.05_roulette,100,0.8,0.05,roulette,2,15236.0,15236,14200,114
pop100_pc0.8_pm0.05_roulette,100,0.8,0.05,roulette,3,15143.0,15143,14132,61
pop100_pc0.8_pm0.05_roulette,100,0.8,0.05,roulette,4,15200.0,15200,14182,100
pop100_pc0.8_pm0.05_roulette,100,0.8,0.05,roulette,5,15152.0,15152,14227,75
pop100_pc0.8_pm0.05_roulette,100,0.8,0.05,roulette,6,15175.0,15175,14219,111
pop100_pc0.8_pm0.05_roulette,100,0.8,0.05,roulette,7,15119.0,15119,14178,123
pop100_pc0.8_pm0.05_roulette,100,0.8,0.05,roulette,8,15376.0,15376,14222,90
pop100_pc0.8_pm0.05_roulette,100,0.8,0.05,roulette,9,15092.0,15092,14210,58
pop100_pc0.8_pm0.05_roulette,100,0.8,0.05,roulette,10,15322.0,15322,14222,64
pop100_pc0.8_pm0.05_roulette,100,0.8,0.05,roulette,11,15197.0,15197,14228,97
pop100_pc0.8_pm0.05_roulette,100,0.8,0.05,roulette,12,15235.0,15235,14236,101
pop100_pc0.8_pm0.05_roulette,100,0.8,0.05,roulette,13,15389.0,15389,14193,129
pop100_pc0.8_pm0.05_roulette,100,0.8,0.05,roulette,14,15230.0,15230,14223,69
pop100_pc0.8_pm0.05_roulette,100,0.8,0.05,roulette,15,15198.0,15198,14137,91
pop100_pc0.8_pm0.05_roulette,100,0.8,0.05,roulette,16,15182.0,15182,14170,81
pop100_pc0.8_pm0.05_roulette,100,0.8,0.05,roulette,17,15317.0,15317,14165,156
pop100_pc0.8_pm0.05_roulette,100,0.8,0.05,roulette,18,15158.0,15158,14211,52
pop100_pc0.8_pm0.05_roulette,100,0.8,0.05,roulette,19,15211.0,15211,14214,156
pop100_pc0.8_pm0.05_roulette,100,0.8,0.05,roulette,20,15282.0,15282,14229,58
pop100_pc0.8_pm0.05_roulette,100,0.8,0.05,roulette,21,15356.0,15356,14221,115
pop100_pc0.8_pm0.05_roulette,100,0.8,0.05,roulette,22,15405.0,15405,14204,123
pop100_pc0.8_pm0.05_roulette,100,0.8,0.05,roulette,23,15225.0,15225,14184,143
pop100_pc0.8_pm0.05_roulette,100,0.8,0.05,roulette,24,15346.0,15346,14185,151
pop100_pc0.8_pm0.05_roulette,100,0.8,0.05,roulette,25,15215.0,15215,14209,59
pop100_pc0.8_pm0.05_roulette,100,0.8,0.05,roulette,26,15212.0,15212,14206,60
pop100_pc0.8_pm0.05_roulette,100,0.8,0.05,roulette,27,15214.0,15214,14235,71
pop100_pc0.8_pm0.05_roulette,100,0.8,0.05,roulette,28,15492.0,15492,14180,165
pop100_pc0.8_pm0.05_roulette,100,0.8,0.05,roulette,29,15303.0,15303,14210,116
pop100_pc0.8_pm0.05_roulette,100,0.8,0.05,roulette,30,15243.0,15243,14228,65
pop100_pc0.9_pm0.01_roulette,100,0.9,0.01,roulette,1,15158.0,15158,14217,108
pop100_pc0.9_pm0.01_roulette,100,0.9,0.01,roulette,2,15275.0,15275,14237,138
pop100_pc0.9_pm0.01_roulette,100,0.9,0.01,roulette,3,15315.0,15315,14233,88
pop100_pc0.9_pm0.01_roulette,100,0.9,0.01,roulette,4,15373.0,15373,14182,162
pop100_pc0.9_pm0.01_roulette,100,0.9,0.01,roulette,5,15366.0,15366,14211,148
pop100_pc0.9_pm0.01_roulette,100,0.9,0.01,roulette,6,15280.0,15280,14205,65
pop100_pc0.9_pm0.01_roulette,100,0.9,0.01,roulette,7,15312.0,15312,14237,132
pop100_pc0.9_pm0.01_roulette,100,0.9,0.01,roulette,8,15195.0,15195,14196,95
pop100_pc0.9_pm0.01_roulette,100,0.9,0.01,roulette,9,15184.0,15184,14194,59
pop100_pc0.9_pm0.01_roulette,100,0.9,0.01,roulette,10,15495.0,15495,14210,199
pop100_pc0.9_pm0.01_roulette,100,0.9,0.01,roulette,11,15362.0,15362,14237,235
pop100_pc0.9_pm0.01_roulette,100,0.9,0.01,roulette,12,15148.0,15148,14218,85
pop100_pc0.9_pm0.01_roulette,100,0.9,0.01,roulette,13,15321.0,15321,14207,105
pop100_pc0.9_pm0.01_roulette,100,0.9,0.01,roulette,14,15378.0,15378,14216,155
pop100_pc0.9_pm0.01_roulette,100,0.9,0.01,roulette,15,15295.0,15295,14239,110
pop100_pc0.9_pm0.01_roulette,100,0.9,0.01,roulette,16,15397.0,15397,14232,192
pop100_pc0.9_pm0.01_roulette,100,0.9,0.01,roulette,17,15226.0,15226,14168,61
pop100_pc0.9_pm0.01_roulette,100,0.9,0.01,roulette,18,15307.0,15307,14208,146
pop100_pc0.9_pm0.01_roulette,100,0.9,0.01,roulette,19,15337.0,15337,14203,106
pop100_pc0.9_pm0.01_roulette,100,0.9,0.01,roulette,20,15255.0,15255,14106,81
pop100_pc0.9_pm0.01_roulette,100,0.9,0.01,roulette,21,15346.0,15346,14239,164
pop100_pc0.9_pm0.01_roulette,100,0.9,0.01,roulette,22,15191.0,15191,14204,93
pop100_pc0.9_pm0.01_roulette,100,0.9,0.01,roulette,23,15327.0,15327,14235,100
pop100_pc0.9_pm0.01_roulette,100,0.9,0.01,roulette,24,15266.0,15266,14225,169
pop100_pc0.9_pm0.01_roulette,100,0.9,0.01,roulette,25,15257.0,15257,14222,77
pop100_pc0.9_pm0.01_roulette,100,0.9,0.01,roulette,26,15162.0,15162,14193,75
pop100_pc0.9_pm0.01_roulette,100,0.9,0.01,roulette,27,15186.0,15186,14186,103
pop100_pc0.9_pm0.01_roulette,100,0.9,0.01,roulette,28,15379.0,15379,14231,95
pop100_pc0.9_pm0.01_roulette,100,0.9,0.01,roulette,29,15176.0,15176,14199,102
pop100_pc0.9_pm0.01_roulette,100,0.9,0.01,roulette,30,15389.0,15389,14191,56
pop100_pc0.9_pm0.03_roulette,100,0.9,0.03,roulette,1,15127.0,15127,14158,103
pop100_pc0.9_pm0.03_roulette,100,0.9,0.03,roulette,2,15273.0,15273,14234,77
pop100_pc0.9_pm0.03_roulette,100,0.9,0.03,roulette,3,15207.0,15207,14175,82
pop100_pc0.9_pm0.03_roulette,100,0.9,0.03,roulette,4,15400.0,15400,14232,177
pop100_pc0.9_pm0.03_roulette,100,0.9,0.03,roulette,5,15223.0,15223,14197,103
pop100_pc0.9_pm0.03_roulette,100,0.9,0.03,roulette,6,15204.0,15204,14205,88
pop100_pc0.9_pm0.03_roulette,100,0.9,0.03,roulette,7,15254.0,15254,14216,94
pop100_pc0.9_pm0.03_roulette,100,0.9,0.03,roulette,8,15223.0,15223,14096,161
pop100_pc0.9_pm0.03_roulette,100,0.9,0.03,roulette,9,15240.0,15240,14169,76
pop100_pc0.9_pm0.03_roulette,100,0.9,0.03,roulette,10,15254.0,15254,14213,81
pop100_pc0.9_pm0.03_roulette,100,0.9,0.03,roulette,11,15124.0,15124,14224,88
pop100_pc0.9_pm0.03_roulette,100,0.9,0.03,roulette,12,15273.0,15273,14229,116
pop100_pc0.9_pm0.03_roulette,100,0.9,0.03,roulette,13,15365.0,15365,14235,101
pop100_pc0.9_pm0.03_roulette,100,0.9,0.03,roulette,14,15405.0,15405,14232,144
pop100_pc0.9_pm0.03_roulette,100,0.9,0.03,roulette,15,15310.0,15310,14090,138
pop100_pc0.9_pm0.03_roulette,100,0.9,0.03,roulette,16,15197.0,15197,14073,59
pop100_pc0.9_pm0.03_roulette,100,0.9,0.03,roulette,17,15133.0,15133,14208,87
pop100_pc0.9_pm0.03_roulette,100,0.9,0.03,roulette,18,15306.0,15306,14237,85
pop100_pc0.9_pm0.03_roulette,100,0.9,0.03,roulette,19,15325.0,15325,14206,62
pop100_pc0.9_pm0.03_roulette,100,0.9,0.03,roulette,20,15110.0,15110,14187,64
pop100_pc0.9_pm0.03_roulette,100,0.9,0.03,roulette,21,15117.0,15117,14202,99
pop100_pc0.9_pm0.03_roulette,100,0.9,0.03,roulette,22,15154.0,15154,14076,68
pop100_pc0.9_pm0.03_roulette,100,0.9,0.03,roulette,23,15230.0,15230,14169,101
pop100_pc0.9_pm0.03_roulette,100,0.9,0.03,roulette,24,15240.0,15240,14233,145
pop100_pc0.9_pm0.03_roulette,100,0.9,0.03,roulette,25,15211.0,15211,14237,79
pop100_pc0.9_pm0.03_roulette,100,0.9,0.03,roulette,26,15228.0,15228,14229,63
pop100_pc0.9_pm0.03_roulette,100,0.9,0.03,roulette,27,15189.0,15189,14204,105
pop100_pc0.9_pm0.03_roulette,100,0.9,0.03,roulette,28,15186.0,15186,14203,62
pop100_pc0.9_pm0.03_roulette,100,0.9,0.03,roulette,29,15195.0,15195,14208,51
pop100_pc0.9_pm0.03_roulette,100,0.9,0.03,roulette,30,15092.0,15092,14218,105
pop100_pc0.9_pm0.05_roulette,100,0.9,0.05,roulette,1,15114.0,15114,14194,50
pop100_pc0.9_pm0.05_roulette,100,0.9,0.05,roulette,2,15296.0,15296,14164,135
pop100_pc0.9_pm0.05_roulette,100,0.9,0.05,roulette,3,15277.0,15277,14192,51
pop100_pc0.9_pm0.05_roulette,100,0.9,0.05,roulette,4,15134.0,15134,14226,104
pop100_pc0.9_pm0.05_roulette,100,0.9,0.05,roulette,5,15222.0,15222,14236,62
pop100_pc0.9_pm0.05_roulette,100,0.9,0.05,roulette,6,15216.0,15216,14203,83
pop100_pc0.9_pm0.05_roulette,100,0.9,0.05,roulette,7,15196.0,15196,14149,150
pop100_pc0.9_pm0.05_roulette,100,0.9,0.05,roulette,8,15203.0,15203,14239,74
pop100_pc0.9_pm0.05_roulette,100,0.9,0.05,roulette,9,15232.0,15232,14223,64
pop100_pc0.9_pm0.05_roulette,100,0.9,0.05,roulette,10,15407.0,15407,14238,130
pop100_pc0.9_pm0.05_roulette,100,0.9,0.05,roulette,11,15360.0,15360,14150,84
pop100_pc0.9_pm0.05_roulette,100,0.9,0.05,roulette,12,15223.0,15223,14215,104
pop100_pc0.9_pm0.05_roulette,100,0.9,0.05,roulette,13,15346.0,15346,14183,147
pop100_pc0.9_pm0.05_roulette,100,0.9,0.05,roulette,14,15169.0,15169,14156,68
pop100_pc0.9_pm0.05_roulette,100,0.9,0.05,roulette,15,15207.0,15207,14228,102
pop100_pc0.9_pm0.05_roulette,100,0.9,0.05,roulette,16,15178.0,15178,14191,77
pop100_pc0.9_pm0.05_roulette,100,0.9,0.05,roulette,17,15112.0,15112,14173,103
pop100_pc0.9_pm0.05_roulette,100,0.9,0.05,roulette,18,15222.0,15222,14218,132
pop100_pc0.9_pm0.05_roulette,100,0.9,0.05,roulette,19,15163.0,15163,14149,76
pop100_pc0.9_pm0.05_roulette,100,0.9,0.05,roulette,20,15193.0,15193,14211,106
pop100_pc0.9_pm0.05_roulette,100,0.9,0.05,roulette,21,15317.0,15317,14205,69
pop100_pc0.9_pm0.05_roulette,100,0.9,0.05,roulette,22,15235.0,15235,14239,100
pop100_pc0.9_pm0.05_roulette,100,0.9,0.05,roulette,23,15317.0,15317,14231,130
pop100_pc0.9_pm0.05_roulette,100,0.9,0.05,roulette,24,15270.0,15270,14239,139
pop100_pc0.9_pm0.05_roulette,100,0.9,0.05,roulette,25,15244.0,15244,14235,109
pop100_pc0.9_pm0.05_roulette,100,0.9,0.05,roulette,26,15257.0,15257,14223,117
pop100_pc0.9_pm0.05_roulette,100,0.9,0.05,roulette,27,15184.0,15184,14116,101
pop100_pc0.9_pm0.05_roulette,100,0.9,0.05,roulette,28,15196.0,15196,14088,72
pop100_pc0.9_pm0.05_roulette,100,0.9,0.05,roulette,29,15239.0,15239,14192,84
pop100_pc0.9_pm0.05_roulette,100,0.9,0.05,roulette,30,15276.0,15276,14220,130
pop200_pc0.6_pm0.01_roulette,200,0.6,0.01,roulette,1,15426.0,15426,14159,127
pop200_pc0.6_pm0.01_roulette,200,0.6,0.01,roulette,2,15075.0,15075,14218,100
pop200_pc0.6_pm0.01_roulette,200,0.6,0.01,roulette,3,15258.0,15258,14105,81
pop200_pc0.6_pm0.01_roulette,200,0.6,0.01,roulette,4,15403.0,15403,14193,145
pop200_pc0.6_pm0.01_roulette,200,0.6,0.01,roulette,5,15357.0,15357,14205,146
pop200_pc0.6_pm0.01_roulette,200,0.6,0.01,roulette,6,15140.0,15140,14205,63
pop200_pc0.6_pm0.01_roulette,200,0.6,0.01,roulette,7,15354.0,15354,14221,141
pop200_pc0.6_pm0.01_roulette,200,0.6,0.01,roulette,8,15218.0,15218,14178,137
pop200_pc0.6_pm0.01_roulette,200,0.6,0.01,roulette,9,15399.0,15399,14152,122
pop200_pc0.6_pm0.01_roulette,200,0.6,0.01,roulette,10,15404.0,15404,14196,98
pop200_pc0.6_pm0.01_roulette,200,0.6,0.01,roulette,11,15250.0,15250,14238,131
pop200_pc0.6_pm0.01_roulette,200,0.6,0.01,roulette,12,15256.0,15256,14215,108
pop200_pc0.6_pm0.01_roulette,200,0.6,0.01,roulette,13,15296.0,15296,14220,72
pop200_pc0.6_pm0.01_roulette,200,0.6,0.01,roulette,14,15310.0,15310,14203,67
pop200_pc0.6_pm0.01_roulette,200,0.6,0.01,roulette,15,15327.0,15327,14164,138
pop200_pc0.6_pm0.01_roulette,200,0.6,0.01,roulette,16,15094.0,15094,14185,173
pop200_pc0.6_pm0.01_roulette,200,0.6,0.01,roulette,17,15277.0,15277,14237,77
pop200_pc0.6_pm0.01_roulette,200,0.6,0.01,roulette,18,15221.0,15221,14231,110
pop200_pc0.6_pm0.01_roulette,200,0.6,0.01,roulette,19,15158.0,15158,14172,112
pop200_pc0.6_pm0.01_roulette,200,0.6,0.01,roulette,20,15238.0,15238,14135,113
pop200_pc0.6_pm0.01_roulette,200,0.6,0.01,roulette,21,15181.0,15181,14183,64
pop200_pc0.6_pm0.01_roulette,200,0.6,0.01,roulette,22,15088.0,15088,14163,59
pop200_pc0.6_pm0.01_roulette,200,0.6,0.01,roulette,23,15301.0,15301,14182,84
pop200_pc0.6_pm0.01_roulette,200,0.6,0.01,roulette,24,15235.0,15235,14221,50
pop200_pc0.6_pm0.01_roulette,200,0.6,0.01,roulette,25,15268.0,15268,14209,203
pop200_pc0.6_pm0.01_roulette,200,0.6,0.01,roulette,26,15338.0,15338,14193,112
pop200_pc0.6_pm0.01_roulette,200,0.6,0.01,roulette,27,15492.0,15492,14201,183
pop200_pc0.6_pm0.01_roulette,200,0.6,0.01,roulette,28,15218.0,15218,14227,164
pop200_pc0.6_pm0.01_roulette,200,0.6,0.01,roulette,29,15269.0,15269,14233,57
pop200_pc0.6_pm0.01_roulette,200,0.6,0.01,roulette,30,15378.0,15378,14238,92
pop200_pc0.6_pm0.03_roulette,200,0.6,0.03,roulette,1,15335.0,15335,14204,89
pop200_pc0.6_pm0.03_roulette,200,0.6,0.03,roulette,2,15201.0,15201,14235,84
pop200_pc0.6_pm0.03_roulette,200,0.6,0.03,roulette,3,15383.0,15383,14195,215
pop200_pc0.6_pm0.03_roulette,200,0.6,0.03,roulette,4,15163.0,15163,14234,77
pop200_pc0.6_pm0.03_roulette,200,0.6,0.03,roulette,5,15286.0,15286,14180,100
pop200_pc0.6_pm0.03_roulette,200,0.6,0.03,roulette,6,15200.0,15200,14219,79
pop200_pc0.6_pm0.03_roulette,200,0.6,0.03,roulette,7,15438.0,15438,14220,80
pop200_pc0.6_pm0.03_roulette,200,0.6,0.03,roulette,8,15212.0,15212,14230,116
pop200_pc0.6_pm0.03_roulette,200,0.6,0.03,roulette,9,15282.0,15282,14229,127
pop200_pc0.6_pm0.03_roulette,200,0.6,0.03,roulette,10,15537.0,15537,14236,182
pop200_pc0.6_pm0.03_roulette,200,0.6,0.03,roulette,11,15418.0,15418,14202,197
pop200_pc0.6_pm0.03_roulette,200,0.6,0.03,roulette,12,15378.0,15378,14237,153
pop200_pc0.6_pm0.03_roulette,200,0.6,0.03,roulette,13,15267.0,15267,14239,120
pop200_pc0.6_pm0.03_roulette,200,0.6,0.03,roulette,14,15429.0,15429,14238,130
pop200_pc0.6_pm0.03_roulette,200,0.6,0.03,roulette,15,15257.0,15257,14150,61
pop200_pc0.6_pm0.03_roulette,200,0.6,0.03,roulette,16,15435.0,15435,14230,70
pop200_pc0.6_pm0.03_roulette,200,0.6,0.03,roulette,17,15582.0,15582,14225,138
pop200_pc0.6_pm0.03_roulette,200,0.6,0.03,roulette,18,15391.0,15391,14233,110
pop200_pc0.6_pm0.03_roulette,200,0.6,0.03,roulette,19,15319.0,15319,14150,86
pop200_pc0.6_pm0.03_roulette,200,0.6,0.03,roulette,20,15237.0,15237,14239,83
pop200_pc0.6_pm0.03_roulette,200,0.6,0.03,roulette,21,15376.0,15376,14211,111
pop200_pc0.6_pm0.03_roulette,200,0.6,0.03,roulette,22,15337.0,15337,14228,132
pop200_pc0.6_pm0.03_roulette,200,0.6,0.03,roulette,23,15330.0,15330,14182,76
pop200_pc0.6_pm0.03_roulette,200,0.6,0.03,roulette,24,15315.0,15315,14229,98
pop200_pc0.6_pm0.03_roulette,200,0.6,0.03,roulette,25,15277.0,15277,14235,198
pop200_pc0.6_pm0.03_roulette,200,0.6,0.03,roulette,26,15380.0,15380,14200,153
pop200_pc0.6_pm0.03_roulette,200,0.6,0.03,roulette,27,15304.0,15304,14153,61
pop200_pc0.6_pm0.03_roulette,200,0.6,0.03,roulette,28,15429.0,15429,14230,82
pop200_pc0.6_pm0.03_roulette,200,0.6,0.03,roulette,29,15211.0,15211,14230,86
pop200_pc0.6_pm0.03_roulette,200,0.6,0.03,roulette,30,15146.0,15146,14217,59
pop200_pc0.6_pm0.05_roulette,200,0.6,0.05,roulette,1,15234.0,15234,14113,67
pop200_pc0.6_pm0.05_roulette,200,0.6,0.05,roulette,2,15246.0,15246,14124,58
pop200_pc0.6_pm0.05_roulette,200,0.6,0.05,roulette,3,15191.0,15191,14142,127
pop200_pc0.6_pm0.05_roulette,200,0.6,0.05,roulette,4,15273.0,15273,14222,124
pop200_pc0.6_pm0.05_roulette,200,0.6,0.05,roulette,5,15261.0,15261,14226,114
pop200_pc0.6_pm0.05_roulette,200,0.6,0.05,roulette,6,15223.0,15223,14225,68
pop200_pc0.6_pm0.05_roulette,200,0.6,0.05,roulette,7,15330.0,15330,14186,103
pop200_pc0.6_pm0.05_roulette,200,0.6,0.05,roulette,8,15370.0,15370,14217,161
pop200_pc0.6_pm0.05_roulette,200,0.6,0.05,roulette,9,15271.0,15271,14217,62
pop200_pc0.6_pm0.05_roulette,200,0.6,0.05,roulette,10,15253.0,15253,14214,73
pop200_pc0.6_pm0.05_roulette,200,0.6,0.05,roulette,11,15312.0,15312,14221,199
pop200_pc0.6_pm0.05_roulette,200,0.6,0.05,roulette,12,15140.0,15140,14203,65
pop200_pc0.6_pm0.05_roulette,200,0.6,0.05,roulette,13,15343.0,15343,14177,114
pop200_pc0.6_pm0.05_roulette,200,0.6,0.05,roulette,14,15377.0,15377,14202,170
pop200_pc0.6_pm0.05_roulette,200,0.6,0.05,roulette,15,15217.0,15217,14154,83
pop200_pc0.6_pm0.05_roulette,200,0.6,0.05,roulette,16,15144.0,15144,14217,53
pop200_pc0.6_pm0.05_roulette,200,0.6,0.05,roulette,17,15272.0,15272,14208,111
pop200_pc0.6_pm0.05_roulette,200,0.6,0.05,roulette,18,15342.0,15342,14218,91
pop200_pc0.6_pm0.05_roulette,200,0.6,0.05,roulette,19,15333.0,15333,14192,117
pop200_pc0.6_pm0.05_roulette,200,0.6,0.05,roulette,20,15340.0,15340,14210,52
pop200_pc0.6_pm0.05_roulette,200,0.6,0.05,roulette,21,15183.0,15183,14238,64
pop200_pc0.6_pm0.05_roulette,200,0.6,0.05,roulette,22,15193.0,15193,14221,78
pop200_pc0.6_pm0.05_roulette,200,0.6,0.05,roulette,23,15272.0,15272,14236,166
pop200_pc0.6_pm0.05_roulette,200,0.6,0.05,roulette,24,15274.0,15274,14194,112
pop200_pc0.6_pm0.05_roulette,200,0.6,0.05,roulette,25,15208.0,15208,14177,68
pop200_pc0.6_pm0.05_roulette,200,0.6,0.05,roulette,26,15281.0,15281,14239,141
pop200_pc0.6_pm0.05_roulette,200,0.6,0.05,roulette,27,15336.0,15336,14216,116
pop200_pc0.6_pm0.05_roulette,200,0.6,0.05,roulette,28,15246.0,15246,14160,69
pop200_pc0.6_pm0.05_roulette,200,0.6,0.05,roulette,29,15261.0,15261,14224,59
pop200_pc0.6_pm0.05_roulette,200,0.6,0.05,roulette,30,15337.0,15337,14189,151
pop200_pc0.8_pm0.01_roulette,200,0.8,0.01,roulette,1,15514.0,15514,14237,158
pop200_pc0.8_pm0.01_roulette,200,0.8,0.01,roulette,2,15351.0,15351,14226,148
pop200_pc0.8_pm0.01_roulette,200,0.8,0.01,roulette,3,15402.0,15402,14176,97
pop200_pc0.8_pm0.01_roulette,200,0.8,0.01,roulette,4,15162.0,15162,14212,52
pop200_pc0.8_pm0.01_roulette,200,0.8,0.01,roulette,5,15225.0,15225,14231,79
pop200_pc0.8_pm0.01_roulette,200,0.8,0.01,roulette,6,15253.0,15253,14178,137
pop200_pc0.8_pm0.01_roulette,200,0.8,0.01,roulette,7,15439.0,15439,14229,144
pop200_pc0.8_pm0.01_roulette,200,0.8,0.01,roulette,8,15062.0,15062,14175,56
pop200_pc0.8_pm0.01_roulette,200,0.8,0.01,roulette,9,15298.0,15298,14180,118
pop200_pc0.8_pm0.01_roulette,200,0.8,0.01,roulette,10,15232.0,15232,14114,51
pop200_pc0.8_pm0.01_roulette,200,0.8,0.01,roulette,11,15393.0,15393,14173,133
pop200_pc0.8_pm0.01_roulette,200,0.8,0.01,roulette,12,15109.0,15109,14115,74
pop200_pc0.8_pm0.01_roulette,200,0.8,0.01,roulette,13,15225.0,15225,14233,125
pop200_pc0.8_pm0.01_roulette,200,0.8,0.01,roulette,14,15303.0,15303,14179,66
pop200_pc0.8_pm0.01_roulette,200,0.8,0.01,roulette,15,15134.0,15134,14137,65
pop200_pc0.8_pm0.01_roulette,200,0.8,0.01,roulette,16,15269.0,15269,14225,131
pop200_pc0.8_pm0.01_roulette,200,0.8,0.01,roulette,17,15222.0,15222,14227,149
pop200_pc0.8_pm0.01_roulette,200,0.8,0.01,roulette,18,15326.0,15326,14177,135
pop200_pc0.8_pm0.01_roulette,200,0.8,0.01,roulette,19,15203.0,15203,14186,70
pop200_pc0.8_pm0.01_roulette,200,0.8,0.01,roulette,20,15286.0,15286,14222,77
pop200_pc0.8_pm0.01_roulette,200,0.8,0.01,roulette,21,15264.0,15264,14239,71
pop200_pc0.8_pm0.01_roulette,200,0.8,0.01,roulette,22,15458.0,15458,14218,67
pop200_pc0.8_pm0.01_roulette,200,0.8,0.01,roulette,23,15220.0,15220,14233,83
pop200_pc0.8_pm0.01_roulette,200,0.8,0.01,roulette,24,15308.0,15308,14174,105
pop200_pc0.8_pm0.01_roulette,200,0.8,0.01,roulette,25,15302.0,15302,14235,176
pop200_pc0.8_pm0.01_roulette,200,0.8,0.01,roulette,26,15215.0,15215,14209,69
pop200_pc0.8_pm0.01_roulette,200,0.8,0.01,roulette,27,15220.0,15220,14214,58
pop200_pc0.8_pm0.01_roulette,200,0.8,0.01,roulette,28,15264.0,15264,14235,101
pop200_pc0.8_pm0.01_roulette,200,0.8,0.01,roulette,29,15074.0,15074,14228,79
pop200_pc0.8_pm0.01_roulette,200,0.8,0.01,roulette,30,15247.0,15247,14191,54
pop200_pc0.8_pm0.03_roulette,200,0.8,0.03,roulette,1,15256.0,15256,14202,115
pop200_pc0.8_pm0.03_roulette,200,0.8,0.03,roulette,2,15405.0,15405,14152,126
pop200_pc0.8_pm0.03_roulette,200,0.8,0.03,roulette,3,15190.0,15190,14165,118
pop200_pc0.8_pm0.03_roulette,200,0.8,0.03,roulette,4,15318.0,15318,14206,77
pop200_pc0.8_pm0.03_roulette,200,0.8,0.03,roulette,5,15258.0,15258,14214,95
pop200_pc0.8_pm0.03_roulette,200,0.8,0.03,roulette,6,15268.0,15268,14220,78
pop200_pc0.8_pm0.03_roulette,200,0.8,0.03,roulette,7,15316.0,15316,14226,94
pop200_pc0.8_pm0.03_roulette,200,0.8,0.03,roulette,8,15152.0,15152,14234,54
pop200_pc0.8_pm0.03_roulette,200,0.8,0.03,roulette,9,15221.0,15221,14230,63
pop200_pc0.8_pm0.03_roulette,200,0.8,0.03,roulette,10,15253.0,15253,14224,147
pop200_pc0.8_pm0.03_roulette,200,0.8,0.03,roulette,11,15243.0,15243,14218,72
pop200_pc0.8_pm0.03_roulette,200,0.8,0.03,roulette,12,15409.0,15409,14200,117
pop200_pc0.8_pm0.03_roulette,200,0.8,0.03,roulette,13,15394.0,15394,14238,164
pop200_pc0.8_pm0.03_roulette,200,0.8,0.03,roulette,14,15414.0,15414,14222,101
pop200_pc0.8_pm0.03_roulette,200,0.8,0.03,roulette,15,15395.0,15395,14225,144
pop200_pc0.8_pm0.03_roulette,200,0.8,0.03,roulette,16,15307.0,15307,14189,73
pop200_pc0.8_pm0.03_roulette,200,0.8,0.03,roulette,17,15359.0,15359,14234,161
pop200_pc0.8_pm0.03_roulette,200,0.8,0.03,roulette,18,15221.0,15221,14171,68
pop200_pc0.8_pm0.03_roulette,200,0.8,0.03,roulette,19,15281.0,15281,14211,103
pop200_pc0.8_pm0.03_roulette,200,0.8,0.03,roulette,20,15158.0,15158,14208,54
pop200_pc0.8_pm0.03_roulette,200,0.8,0.03,roulette,21,15257.0,15257,14217,84
pop200_pc0.8_pm0.03_roulette,200,0.8,0.03,roulette,22,15300.0,15300,14183,101
pop200_pc0.8_pm0.03_roulette,200,0.8,0.03,roulette,23,15277.0,15277,14203,56
pop200_pc0.8_pm0.03_roulette,200,0.8,0.03,roulette,24,15240.0,15240,14186,138
pop200_pc0.8_pm0.03_roulette,200,0.8,0.03,roulette,25,15509.0,15509,14233,293
pop200_pc0.8_pm0.03_roulette,200,0.8,0.03,roulette,26,15469.0,15469,14208,118
pop200_pc0.8_pm0.03_roulette,200,0.8,0.03,roulette,27,15188.0,15188,14217,86
pop200_pc0.8_pm0.03_roulette,200,0.8,0.03,roulette,28,15224.0,15224,14238,97
pop200_pc0.8_pm0.03_roulette,200,0.8,0.03,roulette,29,15282.0,15282,14210,57
pop200_pc0.8_pm0.03_roulette,200,0.8,0.03,roulette,30,15289.0,15289,14198,54
pop200_pc0.8_pm0.05_roulette,200,0.8,0.05,roulette,1,15190.0,15190,14188,62
pop200_pc0.8_pm0.05_roulette,200,0.8,0.05,roulette,2,15442.0,15442,14222,106
pop200_pc0.8_pm0.05_roulette,200,0.8,0.05,roulette,3,15240.0,15240,14239,133
pop200_pc0.8_pm0.05_roulette,200,0.8,0.05,roulette,4,15347.0,15347,14228,171
pop200_pc0.8_pm0.05_roulette,200,0.8,0.05,roulette,5,15460.0,15460,14224,158
pop200_pc0.8_pm0.05_roulette,200,0.8,0.05,roulette,6,15300.0,15300,14158,139
pop200_pc0.8_pm0.05_roulette,200,0.8,0.05,roulette,7,15245.0,15245,14124,84
pop200_pc0.8_pm0.05_roulette,200,0.8,0.05,roulette,8,15320.0,15320,14229,111
pop200_pc0.8_pm0.05_roulette,200,0.8,0.05,roulette,9,15371.0,15371,14233,63
pop200_pc0.8_pm0.05_roulette,200,0.8,0.05,roulette,10,15213.0,15213,14177,99
pop200_pc0.8_pm0.05_roulette,200,0.8,0.05,roulette,11,15231.0,15231,14237,65
pop200_pc0.8_pm0.05_roulette,200,0.8,0.05,roulette,12,15271.0,15271,14171,107
pop200_pc0.8_pm0.05_roulette,200,0.8,0.05,roulette,13,15249.0,15249,14239,120
pop200_pc0.8_pm0.05_roulette,200,0.8,0.05,roulette,14,15344.0,15344,14214,130
pop200_pc0.8_pm0.05_roulette,200,0.8,0.05,roulette,15,15292.0,15292,14187,87
pop200_pc0.8_pm0.05_roulette,200,0.8,0.05,roulette,16,15302.0,15302,14168,112
pop200_pc0.8_pm0.05_roulette,200,0.8,0.05,roulette,17,15126.0,15126,14213,56
pop200_pc0.8_pm0.05_roulette,200,0.8,0.05,roulette,18,15216.0,15216,14216,64
pop200_pc0.8_pm0.05_roulette,200,0.8,0.05,roulette,19,15387.0,15387,14238,89
pop200_pc0.8_pm0.05_roulette,200,0.8,0.05,roulette,20,15372.0,15372,14217,50
pop200_pc0.8_pm0.05_roulette,200,0.8,0.05,roulette,21,15207.0,15207,14192,107
pop200_pc0.8_pm0.05_roulette,200,0.8,0.05,roulette,22,15165.0,15165,14172,85
pop200_pc0.8_pm0.05_roulette,200,0.8,0.05,roulette,23,15304.0,15304,14167,112
pop200_pc0.8_pm0.05_roulette,200,0.8,0.05,roulette,24,15311.0,15311,14234,115
pop200_pc0.8_pm0.05_roulette,200,0.8,0.05,roulette,25,15363.0,15363,14230,106
pop200_pc0.8_pm0.05_roulette,200,0.8,0.05,roulette,26,15440.0,15440,14222,121
pop200_pc0.8_pm0.05_roulette,200,0.8,0.05,roulette,27,15237.0,15237,14239,70
pop200_pc0.8_pm0.05_roulette,200,0.8,0.05,roulette,28,15277.0,15277,14157,90
pop200_pc0.8_pm0.05_roulette,200,0.8,0.05,roulette,29,15121.0,15121,14130,56
pop200_pc0.8_pm0.05_roulette,200,0.8,0.05,roulette,30,15232.0,15232,14209,116
pop200_pc0.9_pm0.01_roulette,200,0.9,0.01,roulette,1,15269.0,15269,14230,95
pop200_pc0.9_pm0.01_roulette,200,0.9,0.01,roulette,2,15250.0,15250,14214,53
pop200_pc0.9_pm0.01_roulette,200,0.9,0.01,roulette,3,15485.0,15485,14196,179
pop200_pc0.9_pm0.01_roulette,200,0.9,0.01,roulette,4,15185.0,15185,14234,59
pop200_pc0.9_pm0.01_roulette,200,0.9,0.01,roulette,5,15464.0,15464,14235,138
pop200_pc0.9_pm0.01_roulette,200,0.9,0.01,roulette,6,15287.0,15287,14187,59
pop200_pc0.9_pm0.01_roulette,200,0.9,0.01,roulette,7,15273.0,15273,14222,89
pop200_pc0.9_pm0.01_roulette,200,0.9,0.01,roulette,8,15334.0,15334,14142,66
pop200_pc0.9_pm0.01_roulette,200,0.9,0.01,roulette,9,15389.0,15389,14189,67
pop200_pc0.9_pm0.01_roulette,200,0.9,0.01,roulette,10,15222.0,15222,14236,53
pop200_pc0.9_pm0.01_roulette,200,0.9,0.01,roulette,11,15333.0,15333,14234,132
pop200_pc0.9_pm0.01_roulette,200,0.9,0.01,roulette,12,15437.0,15437,14222,158
pop200_pc0.9_pm0.01_roulette,200,0.9,0.01,roulette,13,15117.0,15117,14088,62
pop200_pc0.9_pm0.01_roulette,200,0.9,0.01,roulette,14,15248.0,15248,14168,105
pop200_pc0.9_pm0.01_roulette,200,0.9,0.01,roulette,15,15394.0,15394,14169,173
pop200_pc0.9_pm0.01_roulette,200,0.9,0.01,roulette,16,15487.0,15487,14205,119
pop200_pc0.9_pm0.01_roulette,200,0.9,0.01,roulette,17,15182.0,15182,14231,95
pop200_pc0.9_pm0.01_roulette,200,0.9,0.01,roulette,18,15294.0,15294,14099,66
pop200_pc0.9_pm0.01_roulette,200,0.9,0.01,roulette,19,15171.0,15171,14177,60
pop200_pc0.9_pm0.01_roulette,200,0.9,0.01,roulette,20,15309.0,15309,14222,102
pop200_pc0.9_pm0.01_roulette,200,0.9,0.01,roulette,21,15228.0,15228,14198,62
pop200_pc0.9_pm0.01_roulette,200,0.9,0.01,roulette,22,15153.0,15153,14203,56
pop200_pc0.9_pm0.01_roulette,200,0.9,0.01,roulette,23,15415.0,15415,14196,100
pop200_pc0.9_pm0.01_roulette,200,0.9,0.01,roulette,24,15248.0,15248,14149,76
pop200_pc0.9_pm0.01_roulette,200,0.9,0.01,roulette,25,15349.0,15349,14227,115
pop200_pc0.9_pm0.01_roulette,200,0.9,0.01,roulette,26,15316.0,15316,14125,102
pop200_pc0.9_pm0.01_roulette,200,0.9,0.01,roulette,27,15143.0,15143,14218,55
pop200_pc0.9_pm0.01_roulette,200,0.9,0.01,roulette,28,15488.0,15488,14238,148
pop200_pc0.9_pm0.01_roulette,200,0.9,0.01,roulette,29,15331.0,15331,14235,178
pop200_pc0.9_pm0.01_roulette,200,0.9,0.01,roulette,30,15221.0,15221,14238,73
pop200_pc0.9_pm0.03_roulette,200,0.9,0.03,roulette,1,15195.0,15195,14239,60
pop200_pc0.9_pm0.03_roulette,200,0.9,0.03,roulette,2,15131.0,15131,14210,66
pop200_pc0.9_pm0.03_roulette,200,0.9,0.03,roulette,3,15252.0,15252,14186,106
pop200_pc0.9_pm0.03_roulette,200,0.9,0.03,roulette,4,15384.0,15384,14226,113
pop200_pc0.9_pm0.03_roulette,200,0.9,0.03,roulette,5,15297.0,15297,14178,91
pop200_pc0.9_pm0.03_roulette,200,0.9,0.03,roulette,6,15169.0,15169,14211,90
pop200_pc0.9_pm0.03_roulette,200,0.9,0.03,roulette,7,15321.0,15321,14230,50
pop200_pc0.9_pm0.03_roulette,200,0.9,0.03,roulette,8,15270.0,15270,14181,95
pop200_pc0.9_pm0.03_roulette,200,0.9,0.03,roulette,9,15147.0,15147,14159,94
pop200_pc0.9_pm0.03_roulette,200,0.9,0.03,roulette,10,15174.0,15174,14166,113
pop200_pc0.9_pm0.03_roulette,200,0.9,0.03,roulette,11,15300.0,15300,14238,175
pop200_pc0.9_pm0.03_roulette,200,0.9,0.03,roulette,12,15198.0,15198,14217,65
pop200_pc0.9_pm0.03_roulette,200,0.9,0.03,roulette,13,15181.0,15181,14229,118
pop200_pc0.9_pm0.03_roulette,200,0.9,0.03,roulette,14,15205.0,15205,14218,168
pop200_pc0.9_pm0.03_roulette,200,0.9,0.03,roulette,15,15394.0,15394,14232,128
pop200_pc0.9_pm0.03_roulette,200,0.9,0.03,roulette,16,15326.0,15326,14229,112
pop200_pc0.9_pm0.03_roulette,200,0.9,0.03,roulette,17,15165.0,15165,14234,62
pop200_pc0.9_pm0.03_roulette,200,0.9,0.03,roulette,18,15243.0,15243,14233,113
pop200_pc0.9_pm0.03_roulette,200,0.9,0.03,roulette,19,15155.0,15155,14236,50
pop200_pc0.9_pm0.03_roulette,200,0.9,0.03,roulette,20,15444.0,15444,14201,115
pop200_pc0.9_pm0.03_roulette,200,0.9,0.03,roulette,21,15405.0,15405,14158,138
pop200_pc0.9_pm0.03_roulette,200,0.9,0.03,roulette,22,15222.0,15222,14090,58
pop200_pc0.9_pm0.03_roulette,200,0.9,0.03,roulette,23,15270.0,15270,14187,58
pop200_pc0.9_pm0.03_roulette,200,0.9,0.03,roulette,24,15253.0,15253,14204,73
pop200_pc0.9_pm0.03_roulette,200,0.9,0.03,roulette,25,15412.0,15412,14223,104
pop200_pc0.9_pm0.03_roulette,200,0.9,0.03,roulette,26,15180.0,15180,14222,65
pop200_pc0.9_pm0.03_roulette,200,0.9,0.03,roulette,27,15315.0,15315,14227,110
pop200_pc0.9_pm0.03_roulette,200,0.9,0.03,roulette,28,15146.0,15146,14223,73
pop200_pc0.9_pm0.03_roulette,200,0.9,0.03,roulette,29,15243.0,15243,14193,99
pop200_pc0.9_pm0.03_roulette,200,0.9,0.03,roulette,30,15348.0,15348,14168,56
pop200_pc0.9_pm0.05_roulette,200,0.9,0.05,roulette,1,15249.0,15249,14239,124
pop200_pc0.9_pm0.05_roulette,200,0.9,0.05,roulette,2,15218.0,15218,14233,51
pop200_pc0.9_pm0.05_roulette,200,0.9,0.05,roulette,3,15323.0,15323,14188,144
pop200_pc0.9_pm0.05_roulette,200,0.9,0.05,roulette,4,15292.0,15292,14180,71
pop200_pc0.9_pm0.05_roulette,200,0.9,0.05,roulette,5,15194.0,15194,14235,101
pop200_pc0.9_pm0.05_roulette,200,0.9,0.05,roulette,6,15339.0,15339,14239,83
pop200_pc0.9_pm0.05_roulette,200,0.9,0.05,roulette,7,15183.0,15183,14160,51
pop200_pc0.9_pm0.05_roulette,200,0.9,0.05,roulette,8,15241.0,15241,14226,68
pop200_pc0.9_pm0.05_roulette,200,0.9,0.05,roulette,9,15373.0,15373,14223,126
pop200_pc0.9_pm0.05_roulette,200,0.9,0.05,roulette,10,15293.0,15293,14195,64
pop200_pc0.9_pm0.05_roulette,200,0.9,0.05,roulette,11,15277.0,15277,14195,119
pop200_pc0.9_pm0.05_roulette,200,0.9,0.05,roulette,12,15262.0,15262,14234,73
pop200_pc0.9_pm0.05_roulette,200,0.9,0.05,roulette,13,15186.0,15186,14205,57
pop200_pc0.9_pm0.05_roulette,200,0.9,0.05,roulette,14,15251.0,15251,14214,61
pop200_pc0.9_pm0.05_roulette,200,0.9,0.05,roulette,15,15272.0,15272,14158,89
pop200_pc0.9_pm0.05_roulette,200,0.9,0.05,roulette,16,15234.0,15234,14212,70
pop200_pc0.9_pm0.05_roulette,200,0.9,0.05,roulette,17,15209.0,15209,14225,68
pop200_pc0.9_pm0.05_roulette,200,0.9,0.05,roulette,18,15348.0,15348,14211,74
pop200_pc0.9_pm0.05_roulette,200,0.9,0.05,roulette,19,15211.0,15211,14216,125
pop200_pc0.9_pm0.05_roulette,200,0.9,0.05,roulette,20,15190.0,15190,14092,65
pop200_pc0.9_pm0.05_roulette,200,0.9,0.05,roulette,21,15210.0,15210,14211,150
pop200_pc0.9_pm0.05_roulette,200,0.9,0.05,roulette,22,15305.0,15305,14207,80
pop200_pc0.9_pm0.05_roulette,200,0.9,0.05,roulette,23,15403.0,15403,14118,66
pop200_pc0.9_pm0.05_roulette,200,0.9,0.05,roulette,24,15155.0,15155,14105,71
pop200_pc0.9_pm0.05_roulette,200,0.9,0.05,roulette,25,15448.0,15448,14235,162
pop200_pc0.9_pm0.05_roulette,200,0.9,0.05,roulette,26,15305.0,15305,14034,103
pop200_pc0.9_pm0.05_roulette,200,0.9,0.05,roulette,27,15244.0,15244,14183,56
pop200_pc0.9_pm0.05_roulette,200,0.9,0.05,roulette,28,15088.0,15088,14200,65
pop200_pc0.9_pm0.05_roulette,200,0.9,0.05,roulette,29,15232.0,15232,14151,110
pop200_pc0.9_pm0.05_roulette,200,0.9,0.05,roulette,30,15269.0,15269,14225,100
